x_mm,frequency_GHz,m40_real,m40_imag,m80_real,m80_imag,difference_real,difference_imag,difference_abs
2.0,1.0,0.9055318902843557,0.4192352931765265,0.9055331300235331,0.4192325643682087,1.2397391774277011e-06,-2.728808317808973e-06,2.997223392307045e-06
2.0,1.1500000000000001,0.8759107740887543,0.4767192135582647,0.875912918331242,0.47671519413770275,2.144242487678305e-06,-4.019420561940379e-06,4.555602868964102e-06
2.0,1.3,0.8426406316848092,0.5320300111554296,0.8426440890977174,0.5320244167230237,3.4574129081921257e-06,-5.594432405886529e-06,6.576577982641647e-06
2.0,1.4500000000000002,0.8058967759578339,0.5849380514358283,0.8059020518441704,0.584930612666966,5.275886336475466e-06,-7.438768862333411e-06,9.119772958940898e-06
2.0,1.6,0.7658681773359427,0.6352306793854264,0.7658758776349965,0.6352211588327333,7.700299053836623e-06,-9.520552693098594e-06,1.2244816417594184e-05
2.0,1.75,0.7227553770621461,0.6827127870032363,0.7227662101310917,0.6827009966592098,1.0833068945559354e-05,-1.1790344026541e-05,1.6011483224343504e-05
2.0,1.9000000000000001,0.6767684499160177,0.7272070705668235,0.6767832260719183,0.7271928899273526,1.477615590061987e-05,-1.4180639470895429e-05,2.0479875951844552e-05
2.0,2.05,0.6281250664993973,0.768554003717887,0.6281446953518321,0.7685373981024077,1.9628852434894206e-05,-1.660561547922601e-05,2.571066536196142e-05
2.0,2.2,0.5770486976172172,0.8066115603169268,0.5770741832143733,0.8065925992684223,2.548559715609411e-05,-1.896104850451774e-05,3.1765343108384435e-05
2.0,2.3499999999999996,0.52376699466648,0.8412547269402997,0.5237994285163518,0.8412336025378693,3.243384987172693e-05,-2.112440243040581e-05,3.87065239403315e-05
2.0,2.5,0.46851037076941504,0.8723748488059447,0.46855092277084737,0.8723518937814544,4.0552001432325735e-05,-2.2955024490345366e-05,4.659826144310219e-05
2.0,2.6500000000000004,0.4115107981170945,0.8998788548657461,0.4115607054082189,0.8998545604475569,4.990729112436254e-05,-2.4294418189296785e-05,5.550636416239412e-05
2.0,2.8000000000000003,0.35300082797694887,0.9236884079701815,0.3530613816907303,0.9236634413876749,6.055371378144159e-05,-2.4966582506613655e-05,6.549872132175022e-05
2.0,2.95,0.2932128313921663,0.9437390245892279,0.29328536122786775,0.9437142461938522,7.252983570144034e-05,-2.4778395375624207e-05,7.664558659354552e-05
2.0,3.1,0.2323784509641171,0.9599792058246517,0.2324643074543648,0.9599556857537801,8.585649024769881e-05,-2.3520070871585474e-05,8.901983291074863e-05
2.0,3.25,0.170728247417343,0.9723696176247277,0.17082878169065896,0.9723486519053538,0.00010053427331596643,-2.096571937393321e-05,0.00010269713481901994
2.0,3.4000000000000004,0.10849151896873199,0.9808823534651674,0.10860805977040454,0.9808654793846667,0.0001165408016725461,-1.6874080500661748e-05,0.00011775607435382066
2.0,3.5500000000000003,0.04589626688843264,0.9855003075127957,0.04603009457555288,0.9854893179977733,0.00013382768712023874,-1.0989515022430396e-05,0.00013427814148393898
2.0,3.6999999999999997,-0.016830722974870913,0.9862166806362692,-0.016678405759353816,0.986213637267544,0.00015231721551709626,-3.043368725252904e-06,0.00015234761644370877
2.0,3.85,-0.07946371556181135,0.9830346357263475,-0.07929181681612087,0.983041879889232,0.00017189874569048524,7.244162884445515e-06,0.00017205131986084413
2.0,4.0,-0.1417778134272618,0.9759671127606282,-0.14158538855038966,0.9759872742896628,0.00019242487687215482,2.0161529034612435e-05,0.0001934782171002138
2.0,4.15,-0.20354873041265004,0.965036807985703,-0.20333502293269973,0.9650728105212099,0.00021370747995030914,3.6002535506840516e-05,0.00021671887215845577
2.0,4.300000000000001,-0.2645525875481331,0.950276315564276,-0.2643170738140726,0.9503313777064255,0.00023551373406049958,5.5062142149453486e-05,0.0002418647523497509
2.0,4.449999999999999,-0.3245657657546517,0.9317284241027376,-0.32430820340547756,0.9318060553381358,0.000257562349174123,7.763123539816785e-05,0.00026900738358182405
2.0,4.6000000000000005,-0.38336484831114026,0.9094465546869495,-0.3830853280979555,0.9095505449908423,0.0002795202131847807,0.00010399030389285358,0.000298237376736373
2.0,4.75,-0.44072668363398493,0.8834953214766654,-0.44042568391372083,0.883629723466913,0.0003009997202640946,0.00013440199024761235,0.0003296433323784701
2.0,4.9,-0.4964285956992546,0.8539511906092792,-0.49610703861457583,0.8541202931694961,0.00032155708467879185,0.00016910256021696046,0.0003633106584991066
2.0,5.050000000000001,-0.5502487653746928,0.8209032082456824,-0.5499080734300432,0.8211115006478208,0.00034069194464958485,0.00020829240213837696,0.00039932032998294884
2.0,5.2,-0.6019668010212944,0.7844537641782469,-0.6016089524668577,0.7847058899271657,0.0003578485544366572,0.0002521257489188633,0.0004377476227009153
2.0,5.3500000000000005,-0.6513645109822858,0.7447193536610341,-0.650992092135901,0.7450200535681428,0.00037241884638472555,0.00030069990710868133,0.0004786608729337498
2.0,5.5,-0.6982268840234682,0.7018312972030896,-0.6978431364414897,0.7021853415579481,0.0003837475819785663,0.00035404435485852925,0.0005221203040311578
2.0,5.6499999999999995,-0.7423432765219091,0.655936376171882,-0.7419521367831833,0.6563484863172732,0.00039113973872584307,0.00041211014539110913,0.0005681769681576348
2.0,5.800000000000001,-0.7835087973407657,0.6071973413970144,-0.7831149271546943,0.6076721015130772,0.0003938701860713989,0.0004747601160627335,0.0006168718596919611
2.0,5.95,-0.821525873075962,0.5557932527391148,-0.821134677500158,0.5563350131690347,0.0003911955758040264,0.0005417604299198242,0.0006682352444727504
2.0,6.1000000000000005,-0.8562059679841414,0.5019196099551397,-0.8558235997393633,0.5025323839390607,0.0003823682447781085,0.0006127739839210111,0.0007222862521086215
2.0,6.25,-0.8873714247150485,0.44578823927667616,-0.8870047729251737,0.44647559546498866,0.0003666517898748278,0.0006873561883125046,0.0007790327750678466
2.0,6.3999999999999995,-0.9148573843612617,0.3876269059610905,-0.9145140465228516,0.3883918595100651,0.0003433378384101182,0.0007649535489746007,0.0008384717069603298
2.0,6.550000000000001,-0.9385137377131129,0.3276786306378691,-0.9382019742948273,0.3285235360121827,0.0003117634182855378,0.000844905374313587,0.0009005895405372337
2.0,6.7,-0.958207054397688,0.2662006963946312,-0.9579357261529723,0.2671271451887004,0.0002713282447157628,0.0009264487940692234,0.0009653633432096203
2.0,6.8500000000000005,-0.9738224331921043,0.2034633439641955,-0.9736009220102445,0.20447207106746845,0.00022151118185975704,0.0010087271032729606,0.0010327621084094654
2.0,7.0,-0.9852652155886948,0.13974816369661153,-0.9851033304600373,0.14083896495073714,0.00016188512865755733,0.0010908012541256118,0.0011027484621991008
2.0,7.1499999999999995,-0.9924625059179243,0.07534620473206222,-0.9923703762939561,0.07651786888136801,9.212962396820679e-05,0.0011716641493057928,0.001175280709609832
2.0,7.300000000000001,-0.9953644451423205,0.010555833361896706,-0.9953524045911711,0.011806090550964468,1.2040551149339329e-05,0.0012502571890677626,0.001250315165743263
2.0,7.45,-0.9939451918128422,-0.05431961665058094,-0.9940236553467032,-0.05299412824933612,-7.846353386098404e-05,0.0013254884012448148,0.0013278087317006501
2.0,7.6000000000000005,-0.9882035724508134,-0.11897434965030587,-0.988382911205324,-0.11757809830148665,-0.000179338754510594,0.0013962513488192246,0.0014077216407901512
2.0,7.750000000000001,-0.9781633744375625,-0.1831027100549899,-0.9784537914827671,-0.18164126608566117,-0.0002904170452046051,0.001461443969328735,0.0014900203138322318
2.0,7.8999999999999995,-0.9638732668613096,-0.24640181629796623,-0.9642846778125653,-0.2448818298152375,-0.0004114109512557418,0.001519986482728719,0.0015746802464282
2.0,8.05,-0.9454063480603174,-0.3085741602792326,-0.945948269838521,-0.30700332272285413,-0.0005419217782035579,0.0015708375563784904,0.0016616888524090343
2.0,8.2,-0.9228593321054253,-0.3693301067994082,-0.9235407826905515,-0.36771709878189723,-0.0006814505851262531,0.001613008017510964,0.0017510481902345129
2.0,8.35,-0.8963513994481705,-0.42839023137639975,-0.8971808108136948,-0.4267446598252698,-0.0008294113655242796,0.0016455715511299318,0.00184277750777163
2.0,8.5,-0.8660227487146922,-0.48548744154204315,-0.8670078943627489,-0.4838197695535746,-0.00098514564805674,0.0016676719884685665,0.0019369155399778888
2.0,8.649999999999999,-0.8320328965247047,-0.5403688357928123,-0.8331808342139224,-0.5386903088042926,-0.0011479376892177262,0.0016785269885196685,0.0020335225077474407
2.0,8.8,-0.7945587797686267,-0.5927972652797032,-0.7958758091882979,-0.5911198371682416,-0.0013170294196712673,0.001677428111461654,0.002132681776871891
2.0,8.950000000000001,-0.7537927196524027,-0.6425525754367619,-0.7552843539876396,-0.6408888379752982,-0.0014916343352369132,0.0016637374614637546,0.002234501136883919
2.0,9.100000000000001,-0.7099403088755194,-0.6894325173722036,-0.7116112584760288,-0.6877956361210655,-0.0016709496005093971,0.0016368812511380337,0.0023391136778210947
2.0,9.25,-0.6632182825805142,-0.7332533313018759,-0.6650724483136994,-0.731656990528066,-0.001854165733185198,0.001596340773809879,0.0024466782445279
2.0,9.4,-0.6138524304051773,-0.7738500159704891,-0.6158929037626384,-0.7723083745935587,-0.002040473357461048,0.0015416413769303583,0.0025573794512297335
2.0,9.549999999999999,-0.5620756014277487,-0.8110763083504353,-0.5643046680805163,-0.8096039682383114,-0.002229066652767564,0.0014723401121239377,0.002671427249290072
2.0,9.700000000000001,-0.5081258464592673,-0.8448044065344018,-0.5105449897190529,-0.8434163937513987,-0.00241914325978565,0.0013880127830031563,0.002789056040517384
2.0,9.850000000000001,-0.4522447335092971,-0.8749244753799693,-0.45485463404822274,-0.8736362342456786,-0.0026099005389256247,0.001288241134290713,0.00291052332805681
2.0,10.0,-0.3946758628434527,-0.9013439790020261,-0.39747639104921817,-0.9001713780723102,-0.0028005282057654846,0.001172600929715939,0.0030361078985534635
4.0,1.0,0.9055315288128807,0.4192358299419116,0.9055327673868607,0.4192331020913288,1.2385739800446771e-06,-2.727850582806557e-06,2.995869540911584e-06
4.0,1.1500000000000001,0.8759101518408119,0.4767199813165196,0.8759122935162028,0.4767159634921015,2.1416753909209163e-06,-4.017824418112159e-06,4.552986551139216e-06
4.0,1.3,0.8426396335321875,0.5320310416761213,0.8426430858811874,0.5320254495345802,3.452348999899435e-06,-5.592141541055362e-06,6.57196778996243e-06
4.0,1.4500000000000002,0.8058952612966416,0.5849393613119351,0.8059005280386896,0.5849319253088362,5.266742048037898e-06,-7.436003098937327e-06,9.112228810119726e-06
4.0,1.6,0.7658659799208216,0.6352322635741898,0.765873664870166,0.6352227455440692,7.68494934433317e-06,-9.518030120614362e-06,1.2233206603417154e-05
4.0,1.75,0.7227523057612673,0.6827146118040239,0.7227631146145247,0.6827028222445982,1.0808853257437967e-05,-1.1789559425712248e-05,1.5994530946333746e-05
4.0,1.9000000000000001,0.6767642905375726,0.7272090660344533,0.6767790305056541,0.7271948818454246,1.4739968081545207e-05,-1.4184189028765282e-05,2.0456242994467896e-05
4.0,2.05,0.6281195848975264,0.7685560555284409,0.6281391622333634,0.7685394379811159,1.9577335837017706e-05,-1.661754732495968e-05,2.5679076260112092e-05
4.0,2.2,0.5770416443426026,0.8066135011501591,0.5770670598074379,0.806594513936242,2.5415464835254475e-05,-1.8987213917021073e-05,3.17247560293657e-05
4.0,2.3499999999999996,0.5237581114773588,0.8412563275169431,0.5237904538185572,0.8412351547436273,3.2342341198310365e-05,-2.117277331581402e-05,3.865634959577495e-05
4.0,2.5,0.4684993993517813,0.8723758088199182,0.46853983683329914,0.8723527728802223,4.043748151782989e-05,-2.3035939695881247e-05,4.653863372701342e-05
4.0,2.6500000000000004,0.4114974913686993,0.8998787941762308,0.41154726135773484,0.8998543734601299,4.9769989035552964e-05,-2.4420716100981288e-05,5.543846303320276e-05
4.0,2.8000000000000003,0.35298496418022957,0.9236868585597606,0.35304536076514625,0.9236617049843712,6.0396584916688756e-05,-2.5153575389458283e-05,6.542514672870025e-05
4.0,2.95,0.2931942315284425,0.9437354239429095,0.29326659105306035,0.943710380300876,7.235952461787098e-05,-2.5043642033595326e-05,7.657078299998727e-05
4.0,3.1,0.23235699930193016,0.9599728925285211,0.23244268365856707,0.9599490096231375,8.568435663691698e-05,-2.3882905383687536e-05,8.89505600985657e-05
4.0,3.25,0.1707039153392011,0.9723598301096686,0.1708042927727783,0.9723383836105026,0.00010037743357721451,-2.144649916602237e-05,0.00010264298075380659
4.0,3.4000000000000004,0.10846439178471737,0.9808682329166614,0.10858081491101768,0.9808507397927537,0.00011642312630030793,-1.749312390764146e-05,0.0001177300034892786
4.0,3.5500000000000003,0.04586657312672902,0.9854809060183563,0.0460003538102165,0.985469140309705,0.0001337806834874819,-1.176570865124571e-05,0.00013429707061006138
4.0,3.6999999999999997,-0.016862580602779086,0.9861909756341581,-0.016710199886733793,0.9861869831964277,0.00015238071604529307,-3.992437730415688e-06,0.00015243300883177333
4.0,3.85,-0.07949712863782575,0.9830015517408055,-0.07932500732531317,0.9830076634536985,0.00017212131251258256,6.111712892997723e-06,0.00017222978620302744
4.0,4.0,-0.14181193718253107,0.9759255512499003,-0.14161907335395688,0.9759443940206906,0.00019286382857419682,1.8842770790228336e-05,0.0001937821105864787
4.0,4.15,-0.2035824557086331,0.9649856858826104,-0.20336802726506167,0.9650201906130805,0.00021442844357141833,3.4504730470175105e-05,0.00021718686386906636
4.0,4.300000000000001,-0.26458451750347645,0.9502146127517173,-0.26434792787809724,0.9502680182805796,0.00023658962537920214,5.340552886234917e-05,0.00024254237021629522
4.0,4.449999999999999,-0.32459419925474114,0.9316552396402432,-0.32433512756244126,0.9317310915361974,0.0002590716922998837,7.585189595415986e-05,0.00026994749836026694
4.0,4.6000000000000005,-0.38338777277044306,0.9093611710967607,-0.38310622804880096,0.9094633140775964,0.00028154472164210187,0.0001021429808356622,0.0002995006157231118
4.0,4.75,-0.44074177940547876,0.883397275823367,-0.4404381583238057,0.8835298385216935,0.0003036210816730889,0.00013256269832651046,0.00033129840057558675
4.0,4.9,-0.49643325441651326,0.8538403504877521,-0.4961084014973824,0.8540077212992443,0.0003248529191308691,0.00016737081149220678,0.0003654345462697893
4.0,5.050000000000001,-0.5502401242514888,0.820779850157558,-0.5498953933100421,0.8209866429970629,0.0003447309414467137,0.0002067928395048657,0.0004019983836549877
4.0,5.2,-0.6019417947063657,0.7843186511640718,-0.6015791098686106,0.7845696601311372,0.000362684837755034,0.0002510089670653137,0.0004410734554295816
4.0,5.3500000000000005,-0.6513199419687785,0.744573808507242,-0.6509418562972672,0.7448739507384103,0.000378085671511319,0.00030014223116836547,0.00048273609139248076
4.0,5.5,-0.6981595118503593,0.7016772671062829,-0.6977692613274448,0.7020315134566312,0.0003902505229145259,0.0003542463503483084,0.0005270540269935876
4.0,5.6499999999999995,-0.7422499250970324,0.6557764844669858,-0.7418514755063471,0.6561897781170498,0.0003984495906852459,0.0004132936500640394,0.0005740851134635845
4.0,5.800000000000001,-0.7833864786977491,0.6070349218848287,-0.78298456282765,0.6075120855024819,0.0004019158700990788,0.00047716361765326454,0.0006238761773376592
4.0,5.95,-0.8213719247974218,0.5556323623225137,-0.8209720674037922,0.5561779949874363,0.00039985739362957684,0.0005456326649225796,0.0006764620760033443
4.0,6.1000000000000005,-0.8560182004443261,0.5017650157359798,-0.8556267285599447,0.5023833814376959,0.00039147188438137803,0.0006183657017161392,0.0007318649993817167
4.0,6.25,-0.8871482732873518,0.4456453769881606,-0.8867723097653991,0.4463402871001793,0.00037596352195268246,0.0006949101120187207,0.0007900940663142181
4.0,6.3999999999999995,-0.9145980608767932,0.3875018076012547,-0.9142454995128158,0.3882765002667672,0.00035256136397743276,0.0007746926655124997,0.0008511452528026515
4.0,6.550000000000001,-0.9382183748220184,0.32757782039439787,-0.9378978359969303,0.32843484019381886,0.0003205388250880903,0.0008570197994209883,0.0009150016803200114
4.0,6.7,-0.9578768361409536,0.2661310553541862,-0.9575976026424888,0.267072136928692,0.0002792334984648148,0.0009410815745058421,0.0009816342885918842
4.0,6.8500000000000005,-0.9734597050904246,0.20343194560161765,-0.9732316385730975,0.20445790503612873,0.00022806651732709682,0.0010259594345110867,0.0010510029008466246
4.0,7.0,-0.984873567924081,0.1397620836488428,-0.9847070073111024,0.14087272134452342,0.0001665606129785946,0.0011106376956806219,0.0011230576694286748
4.0,7.1499999999999995,-0.9920468246234877,0.07541230977724873,-0.9919524685801554,0.07660632828331591,9.435604333229985e-05,0.0011940185060671793,0.0011977408967486355
4.0,7.300000000000001,-0.9949309257961255,0.010680555744481419,-0.9949197021703222,0.01195549552846187,1.1223625803302717e-05,0.001274939783980451,0.001274989185268758
4.0,7.45,-0.9935013135928302,-0.0541305124707277,-0.9935842393575414,-0.05277831698184444,-8.292576471113922e-05,0.0013521954888832607,0.001354735886661739
4.0,7.6000000000000005,-0.9877580304642561,-0.11871600016322212,-0.98794606617275,-0.11729144276082916,-0.0001880357084939055,0.0014245574023929591,0.0014369137832108718
4.0,7.750000000000001,-0.977725970486949,-0.1827713779296521,-0.978029873520595,-0.18128058041404135,-0.00030390303364602467,0.0014907975156107367,0.0015214579476312848
4.0,7.8999999999999995,-0.9634547603370347,-0.24599510003693448,-0.9638849412711027,-0.24444538997743986,-0.00043018093406799185,0.0015497100594946134,0.0016083087093386045
4.0,8.05,-0.9450182701503682,-0.3080911812504638,-0.945584656376286,-0.30649104902111096,-0.0005663862259177588,0.0016001322293528464,0.0016974146542088862
4.0,8.2,-0.9225137677882248,-0.3687716675049768,-0.9232256781240391,-0.3671307047777177,-0.0007119103358143031,0.0016409627272591099,0.0017887355865227508
4.0,8.35,-0.8960607427150502,-0.4277589399621967,-0.8969267761371823,-0.42608776259094805,-0.0008660334221320953,0.0016711773712486666,0.0018822453863466984
4.0,8.5,-0.8657994371112684,-0.48478779883429574,-0.8668273779861482,-0.4830979576543478,-0.0010279408748797847,0.0016898411799479152,0.0019779346944973635
4.0,8.649999999999999,-0.8318891313966202,-0.5396072824621516,-0.8330858727307994,-0.5379111659222184,-0.00119674133417913,0.001696116539933179,0.0020758133678073624
4.0,8.8,-0.794506238570058,-0.5919821879829555,-0.7958777238845487,-0.590292920709188,-0.0013714853144907169,0.001689267273767503,0.002175912656814513
4.0,8.950000000000001,-0.7538422663761914,-0.6416942718876341,-0.7553934498912362,-0.640025613258075,-0.0015511835150447961,0.0016686586295590056,0.002278287058153223
4.0,9.100000000000001,-0.7101017081636297,-0.6885431211834745,-0.7118365321095339,-0.6869093677649072,-0.0017348239459041848,0.0016337534185673075,0.0023830158111021694
4.0,9.25,-0.6634999224563306,-0.7323466980905596,-0.6654213095372407,-0.7307625933936169,-0.001921387080910053,0.0015841046969427008,0.002490204008824173
4.0,9.4,-0.6142610579207793,-0.7729415726181544,-0.6163709162827047,-0.7714222270858246,-0.002109858361925343,0.0015193455323297966,0.002599983298791899
4.0,9.549999999999999,-0.5626160749200325,-0.8101828674846682,-0.5649153124382016,-0.8087436909718078,-0.0022992375181690727,0.0014391765128604073,0.0027125121566778866
4.0,9.700000000000001,-0.5088009076250749,-0.8439439482876504,-0.5112894519356019,-0.8426005965549224,-0.00248854431052703,0.0013433517327280375,0.002827975718297431
4.0,9.850000000000001,-0.45305480218988614,-0.8741158983483395,-0.45573162265009154,-0.8728842343131329,-0.002676820460205398,0.001231664035206581,0.0029465851543431757
4.0,10.0,-0.3956188572797158,-0.9006068221384177,-0.3984819849495837,-0.8995028918236414,-0.0028631276698679042,0.0011039303147762913,0.0030685765745448322
6.0,1.0,0.905531890284344,0.4192352931765549,0.9055331300235023,0.4192325643682724,1.239739158331865e-06,-2.7288082825038806e-06,2.9972233522650894e-06
6.0,1.1500000000000001,0.8759107740887365,0.47671921355829766,0.8759129183312209,0.47671519413774166,2.144242484347636e-06,-4.019420556000686e-06,4.555602862155807e-06
6.0,1.3,0.8426406316847915,0.5320300111554573,0.8426440890977017,0.5320244167230469,3.457412910190527e-06,-5.5944324104384435e-06,6.57657798756437e-06
6.0,1.4500000000000002,0.8058967759578383,0.5849380514358236,0.805902051844139,0.5849306126670106,5.275886300726285e-06,-7.438768812928487e-06,9.119772897961263e-06
6.0,1.6,0.7658681773359431,0.6352306793854265,0.7658758776349701,0.6352211588327668,7.700299026969226e-06,-9.520552659791903e-06,1.2244816374801783e-05
6.0,1.75,0.7227553770621409,0.6827127870032421,0.722766210131097,0.6827009966592036,1.0833068956106473e-05,-1.1790344038531408e-05,1.6011483240308842e-05
6.0,1.9000000000000001,0.6767684499160067,0.7272070705668325,0.6767832260719834,0.7271928899272934,1.4776155976670147e-05,-1.4180639539174145e-05,2.047987605399198e-05
6.0,2.05,0.6281250664994066,0.7685540037178795,0.6281446953518136,0.7685373981024227,1.9628852407027608e-05,-1.6605615456799505e-05,2.5710665326202124e-05
6.0,2.2,0.5770486976172101,0.806611560316931,0.5770741832143855,0.8065925992684169,2.548559717541199e-05,-1.896104851417668e-05,3.176534312964885e-05
6.0,2.3499999999999996,0.5237669946664835,0.8412547269402985,0.5237994285164119,0.8412336025378344,3.2433849928459324e-05,-2.1124402464045566e-05,3.8706524006229174e-05
6.0,2.5,0.46851037076942303,0.8723748488059393,0.4685509227708578,0.8723518937814488,4.0552001434768226e-05,-2.2955024490456388e-05,4.6598261445282446e-05
6.0,2.6500000000000004,0.411510798117098,0.8998788548657436,0.41156070540824347,0.8998545604475441,4.990729114545678e-05,-2.4294418199510837e-05,5.550636418583109e-05
6.0,2.8000000000000003,0.3530008279769417,0.9236884079701847,0.35306138169079154,0.9236634413876497,6.0553713849831325e-05,-2.4966582535035364e-05,6.549872139581037e-05
6.0,2.95,0.29321283139217025,0.9437390245892264,0.2932853612278705,0.9437142461938504,7.25298357002746e-05,-2.4778395376068296e-05,7.664558659258596e-05
6.0,3.1,0.2323784509641191,0.9599792058246515,0.2324643074543684,0.9599556857537803,8.585649024930864e-05,-2.3520070871141385e-05,8.901983291218391e-05
6.0,3.25,0.17072824741734935,0.9723696176247265,0.17082878169068416,0.9723486519053509,0.00010053427333481246,-2.0965719375598546e-05,0.00010269713483780905
6.0,3.4000000000000004,0.10849151896873095,0.9808823534651678,0.10860805977039048,0.9808654793846674,0.00011654080165952874,-1.6874080500439703e-05,0.0001177560743409058
6.0,3.5500000000000003,0.045896266888418275,0.9855003075127974,0.04603009457551653,0.9854893179977747,0.00013382768709825632,-1.098951502265244e-05,0.00013427814146204847
6.0,3.6999999999999997,-0.01683072297487175,0.9862166806362687,-0.01667840575933972,0.9862136372675436,0.00015231721553202876,-3.0433687250308594e-06,0.00015234761645863384
6.0,3.85,-0.07946371556181549,0.9830346357263466,-0.07929181681609714,0.9830418798892328,0.00017189874571835184,7.24416288611085e-06,0.00017205131988875613
6.0,4.0,-0.14177781342726833,0.9759671127606266,-0.14158538855039735,0.9759872742896597,0.00019242487687098908,2.0161529033058123e-05,0.00019347821709889243
6.0,4.15,-0.20354873041264718,0.9650368079857031,-0.20333502293267783,0.9650728105212146,0.00021370747996934947,3.600253551150345e-05,0.00021671887217800616
6.0,4.300000000000001,-0.26455258754812755,0.9502763155642764,-0.26431707381407193,0.9503313777064258,0.0002355137340556146,5.5062142149453486e-05,0.00024186475234499422
6.0,4.449999999999999,-0.32456576575464985,0.931728424102738,-0.3243082034054776,0.9318060553381363,0.00025756234917223564,7.763123539827887e-05,0.000269007383580049
6.0,4.6000000000000005,-0.38336484831113704,0.9094465546869501,-0.3830853280979685,0.9095505449908378,0.00027952021316851594,0.00010399030388763553,0.0002982373767193096
6.0,4.75,-0.44072668363398415,0.8834953214766673,-0.44042568391372117,0.8836297234669124,0.0003009997202629844,0.00013440199024505883,0.0003296433323764152
6.0,4.9,-0.49642859569924536,0.8539511906092844,-0.4961070386145668,0.8541202931695018,0.0003215570846785698,0.00016910256021740455,0.00036331065849911677
6.0,5.050000000000001,-0.5502487653746873,0.8209032082456867,-0.5499080734300434,0.8211115006478231,0.0003406919446438117,0.00020829240213637856,0.0003993203299769809
6.0,5.2,-0.6019668010213018,0.7844537641782411,-0.6016089524668456,0.7847058899271753,0.0003578485544561971,0.0002521257489341844,0.0004377476227257131
6.0,5.3500000000000005,-0.651364510982287,0.7447193536610349,-0.6509920921358902,0.745020053568152,0.000372418846396827,0.000300699907117119,0.0004786608729484659
6.0,5.5,-0.6982268840234699,0.7018312972030875,-0.6978431364415022,0.7021853415579352,0.0003837475819676861,0.0003540443548477601,0.0005221203040158587
6.0,5.6499999999999995,-0.7423432765219034,0.6559363761718874,-0.74195213678319,0.6563484863172662,0.00039113973871329755,0.00041211014537878565,0.0005681769681400598
6.0,5.800000000000001,-0.7835087973407645,0.6071973413970149,-0.7831149271546952,0.6076721015130764,0.0003938701860692895,0.00047476011606151225,0.0006168718596896743
6.0,5.95,-0.8215258730759646,0.5557932527391133,-0.8211346775001561,0.5563350131690382,0.0003911955758084673,0.0005417604299249312,0.0006682352444794907
6.0,6.1000000000000005,-0.8562059679841352,0.5019196099551477,-0.855823599739354,0.502532383939076,0.0003823682447812171,0.0006127739839282276,0.0007222862521163894
6.0,6.25,-0.8873714247150474,0.44578823927667804,-0.887004772925176,0.4464755954649849,0.00036665178987138614,0.0006873561883068424,0.0007790327750612309
6.0,6.3999999999999995,-0.9148573843612605,0.3876269059610941,-0.9145140465228532,0.3883918595100649,0.00034333783840734267,0.0007649535489707704,0.0008384717069556989
6.0,6.550000000000001,-0.9385137377131121,0.3276786306378719,-0.9382019742948271,0.32852353601218187,0.00031176341828498266,0.0008449053743099788,0.0009005895405336565
6.0,6.7,-0.9582070543976873,0.26620069639463173,-0.9579357261529754,0.2671271451886901,0.000271328244711877,0.0009264487940583432,0.0009653633431980866
6.0,6.8500000000000005,-0.9738224331921028,0.20346334396420335,-0.9736009220102384,0.2044720710674876,0.00022151118186441998,0.001008727103284257,0.0010327621084214992
6.0,7.0,-0.9852652155886934,0.13974816369661514,-0.9851033304600367,0.14083896495073417,0.00016188512865666915,0.0010908012541190337,0.0011027484621924635
6.0,7.1499999999999995,-0.9924625059179263,0.07534620473205811,-0.9923703762939572,0.07651786888136194,9.212962396909496e-05,0.001171664149303836,0.0011752807096079509
6.0,7.300000000000001,-0.9953644451423209,0.01055583336190131,-0.9953524045911727,0.011806090550964262,1.2040551148229106e-05,0.0012502571890629522,0.001250315165738442
6.0,7.45,-0.9939451918128431,-0.05431961665058357,-0.9940236553467031,-0.05299412824935265,-7.846353385998484e-05,0.0013254884012309162,0.0013278087316867168
6.0,7.6000000000000005,-0.9882035724508125,-0.1189743496503121,-0.988382911205323,-0.11757809830149353,-0.00017933875451048298,0.0013962513488185724,0.00140772164078949
6.0,7.750000000000001,-0.9781633744375622,-0.18310271005499146,-0.9784537914827656,-0.18164126608568176,-0.00029041704520338385,0.0014614439693096948,0.0014900203138133185
6.0,7.8999999999999995,-0.9638732668613097,-0.24640181629796773,-0.9642846778125619,-0.24488182981525222,-0.00041141095125218907,0.0015199864827155074,0.0015746802464145192
6.0,8.05,-0.9454063480603178,-0.3085741602792327,-0.9459482698385193,-0.3070033227228656,-0.0005419217782015595,0.0015708375563670551,0.0016616888523975724
6.0,8.2,-0.9228593321054275,-0.369330106799403,-0.923540782690549,-0.3677170987819032,-0.0006814505851214792,0.0016130080174998063,0.001751048190222377
6.0,8.35,-0.8963513994481709,-0.4283902313763965,-0.8971808108136984,-0.4267446598252616,-0.0008294113655274993,0.0016455715511348723,0.001842777507777491
6.0,8.5,-0.8660227487146928,-0.48548744154204215,-0.8670078943627524,-0.48381976955357064,-0.0009851456480596266,0.0016676719884715085,0.0019369155399818901
6.0,8.649999999999999,-0.8320328965247064,-0.5403688357928121,-0.833180834213918,-0.5386903088042976,-0.00114793768921162,0.0016785269885145615,0.0020335225077397785
6.0,8.8,-0.7945587797686254,-0.5927972652797036,-0.7958758091883039,-0.5911198371682312,-0.0013170294196784837,0.0016774281114723122,0.0021326817768847306
6.0,8.950000000000001,-0.7537927196524046,-0.6425525754367593,-0.7552843539876388,-0.6408888379753015,-0.0014916343352342487,0.0016637374614577594,0.0022345011368776766
6.0,9.100000000000001,-0.709940308875523,-0.6894325173722003,-0.7116112584760292,-0.6877956361210661,-0.0016709496005062885,0.001636881251134259,0.0023391136778162327
6.0,9.25,-0.6632182825805135,-0.7332533313018746,-0.6650724483136989,-0.7316569905280652,-0.00185416573318542,0.0015963407738094348,0.0024466782445277785
6.0,9.4,-0.6138524304051752,-0.773850015970491,-0.6158929037626408,-0.7723083745935547,-0.0020404733574655998,0.0015416413769362425,0.0025573794512369122
6.0,9.549999999999999,-0.5620756014277454,-0.8110763083504373,-0.5643046680805126,-0.8096039682383143,-0.002229066652767231,0.0014723401121230495,0.0026714272492893046
6.0,9.700000000000001,-0.5081258464592692,-0.8448044065344005,-0.5105449897190575,-0.8434163937513957,-0.0024191432597883145,0.0013880127830048217,0.002789056040520524
6.0,9.850000000000001,-0.45224473350929567,-0.8749244753799689,-0.4548546340482296,-0.8736362342456748,-0.0026099005389339514,0.0012882411342940436,0.0029105233280657507
6.0,10.0,-0.39467586284345174,-0.9013439790020268,-0.3974763910492083,-0.9001713780723137,-0.0028005282057565473,0.0011726009297130524,0.0030361078985441047
