frequency_GHz,baseline_real,baseline_imag,baseline_magnitude_dB,baseline_phase_deg,selected_real,selected_imag,selected_magnitude_dB,selected_phase_deg
5.75,0.9995572877689429,0.029752789247310688,1.928654933106574e-15,1.704960862382148,0.9990747862521043,0.04300664454839556,0.0,2.4648594444891576
5.751250000000001,0.9995562336793361,0.029788180756478374,0.0,1.706989545679959,0.9990656283991004,0.04321886337595703,-3.857309866213149e-15,2.477030003692717
5.7525,0.9995551723266801,0.02982377365428081,3.857309866213148e-15,1.709029774972211,0.9990562581238411,0.04343492953360051,0.0,2.4894213187209195
5.75375,0.9995541036304124,0.029859569916592932,5.785964799319721e-15,1.7110816635580677,0.9990466682100534,0.04365495090354857,-9.643274665532871e-16,2.502039583459552
5.755000000000001,0.9995530275087879,0.02989557154522057,-3.857309866213149e-15,1.713145326223874,0.9990368511210741,0.04387903943898024,-5.785964799319725e-15,2.5148912256851697
5.7562500000000005,0.9995519438788604,0.029931780568327435,-4.821637332766436e-15,1.7152208792676429,0.9990267989822802,0.04410731135785536,0.0,2.527982918209895
5.7575,0.9995508526564552,0.029968199040870083,-9.643274665532871e-16,1.717308440524014,0.9990165035623655,0.04433988734791785,-9.643274665532871e-16,2.541321590669597
5.75875,0.9995497537561489,0.030004829045041922,0.0,1.7194081293897225,0.9990059562533935,0.044576892783636225,3.857309866213148e-15,2.554914441999088
5.760000000000001,0.9995486470912477,0.03004167269072595,1.928654933106574e-15,1.7215200668495656,0.9989951480495068,0.04481845795590157,3.857309866213148e-15,2.5687689536416585
5.76125,0.9995475325737619,0.030078732115956578,-3.857309866213149e-15,1.7236443755028983,0.9989840695242119,0.045064718315367645,-4.821637332766436e-15,2.5828929035438675
5.7625,0.9995464101143856,0.030116009487390717,0.0,1.7257811795906515,0.9989727108061169,0.04531581473038366,0.0,2.5972943809903994
5.76375,0.9995452796224663,0.03015350700078822,3.857309866213148e-15,1.7279306050229009,0.9989610615529895,0.045571893760554934,-4.821637332766436e-15,2.6119818023386547
5.765000000000001,0.9995441410059841,0.030191226881502366,3.857309866213148e-15,1.7300927794069978,0.998949110924032,0.045833107947046765,-9.643274665532871e-16,2.6269639277172847
5.76625,0.9995429941715246,0.030229171384979953,-4.821637332766436e-15,1.7322678320762581,0.99893684755019,0.046099616120835546,-9.643274665532871e-16,2.64224987875818
5.7675,0.9995418390242563,0.030267342797271748,-9.643274665532871e-16,1.734455894119239,0.9989242595023661,0.04637158373021925,-3.857309866213149e-15,2.6578491574374508
5.768750000000001,0.9995406754678965,0.030305743435553284,1.928654933106574e-15,1.7366570984096266,0.9989113342573498,0.046649183189003705,0.0,2.6737716661071165
5.7700000000000005,0.9995395034046894,0.03034437564865644,0.0,1.7388715796367216,0.9988980586612702,0.04693259424690308,-4.821637332766436e-15,2.6900277288061925
5.77125,0.9995383227353775,0.030383241817611737,-3.857309866213149e-15,1.74109947433655,0.9988844188903804,0.047222004383825594,-4.821637332766436e-15,2.7066281139475104
5.7725,0.9995371333591723,0.030422344356202155,-3.857309866213149e-15,1.7433409209236335,0.9988704004089214,0.047517609229862846,3.857309866213148e-15,2.7235840584851663
5.773750000000001,0.999535935173724,0.030461685711528085,-4.821637332766436e-15,1.745596059723401,0.9988559879238306,0.04781961301295419,1.928654933106574e-15,2.740907293676292
5.775,0.9995347280750938,0.030501268364584236,0.0,1.7478650330052807,0.9988411653360209,0.04812822903638222,-5.785964799319725e-15,2.758610072561486
5.77625,0.9995335119577198,0.030541094830848263,0.0,1.7501479850164734,0.9988259156879133,0.0484436801884386,-7.7146197324263e-15,2.776705199298899
5.777500000000001,0.9995322867143892,0.030581167660882317,-4.821637332766436e-15,1.7524450620164551,0.9988102211068984,0.04876619948682387,0.0,2.795206060499862
5.7787500000000005,0.9995310522362059,0.0306214894409466,-4.821637332766436e-15,1.7547564123121766,0.9987940627443564,0.049096030660567024,3.857309866213148e-15,2.814126658726813
5.78,0.9995298084125555,0.03066206279362601,0.0,1.7570821862940167,0.9987774207098357,0.04943342877251911,-9.643274665532871e-16,2.833481648329766
5.78125,0.9995285551310716,0.030702890378470318,0.0,1.759422536472507,0.9987602739999325,0.04977866088576322,0.0,2.8532863738142566
5.782500000000001,0.9995272922776043,0.030743974892647637,-3.857309866213149e-15,1.761777617515817,0.9987426004213751,0.05013200677759007,-4.821637332766436e-15,2.8735569109514447
5.78375,0.9995260197361839,0.030785319071611802,-2.892982399659862e-15,1.7641475862880416,0.9987243765077772,0.05049375970505143,-9.643274665532871e-16,2.8943101108619556
5.785,0.9995247373889841,0.030826925689784252,3.857309866213148e-15,1.7665326018883218,0.9987055774294302,0.05086422722649261,0.0,2.915563647327671
5.786250000000001,0.9995234451162821,0.030868797561250175,-4.821637332766436e-15,1.768932825690788,0.9986861768954818,0.05124373208389103,-3.857309866213149e-15,2.937336067610181
5.7875000000000005,0.9995221427964309,0.030910937540470165,-9.643274665532871e-16,1.7713484213853683,0.9986661470477339,0.05163261315132153,0.0,2.9596468470832575
5.78875,0.9995208303058085,0.030953348523006415,-1.9286549331065743e-15,1.773779555019474,0.9986454583452263,0.052031226455396505,0.0,2.982516448017202
5.79,0.9995195075187863,0.030996033446265624,-3.857309866213149e-15,1.776226395040604,0.9986240794386876,0.05243994627414049,3.857309866213148e-15,3.005966382888258
5.791250000000001,0.9995181743076869,0.03103899529025749,0.0,1.7786891123398643,0.9986019770337948,0.05285916632141496,-5.785964799319725e-15,3.030019282624379
5.7925,0.9995168305427393,0.03108223707836956,-3.857309866213149e-15,1.7811678802964268,0.9985791157421093,0.05328930102476482,3.857309866213148e-15,3.0546989702422427
5.79375,0.9995154760920433,0.031125761878159804,-9.643274665532871e-16,1.7836628748229897,0.9985554579183504,0.053730786905401506,0.0,3.0800305403794512
5.795,0.9995141108215182,0.03116957280216599,-9.643274665532871e-16,1.786174274412224,0.9985309634826043,0.05418408406996438,-4.821637332766436e-15,3.1060404452792705
5.796250000000001,0.9995127345948644,0.03121367300873289,0.0,1.788702260184223,0.9985055897257907,0.05464967782476924,0.0,3.1327565878473864
5.7975,0.999511347273514,0.0312580657028585,-2.892982399659862e-15,1.791247015935057,0.9984792910965739,0.05512808042443824,0.0,3.1602084224686577
5.79875,0.9995099487165874,0.031302754137058415,1.928654933106574e-15,1.7938087281863593,0.9984520189676599,0.05561983296813872,0.0,3.18842706434916
5.800000000000001,0.9995085387808408,0.03134774161224948,-9.643274665532871e-16,1.7963875862360308,0.9984237213791358,0.056125507458168834,-3.857309866213149e-15,3.217445408236506
5.8012500000000005,0.9995071173206225,0.03139303147865379,1.928654933106574e-15,1.7989837822100985,0.9983943427562356,0.056645709037343575,-3.857309866213149e-15,3.2472982574708005
5.8025,0.999505684187818,0.03143862713672257,0.0,1.8015975111157243,0.9983638235985521,0.05718107842354919,3.857309866213148e-15,3.2780224644297697
5.80375,0.9995042392318018,0.03148453203808109,-9.643274665532871e-16,1.8042289708954202,0.998332100137325,0.0577322945620401,0.0,3.3096570835595824
5.805000000000001,0.9995027822993834,0.031530749686494684,3.857309866213148e-15,1.8068783624824662,0.998299103956992,0.0583000775185238,-4.821637332766436e-15,3.342243538326355
5.80625,0.9995013132347507,0.031577283638857305,0.0,1.8095458898576393,0.9982647615766298,0.05888519163893772,0.0,3.375825803589398
5.8075,0.9994998318794202,0.03162413750620224,1.928654933106574e-15,1.8122317601071891,0.9982289939863384,0.059488449005012385,-3.857309866213149e-15,3.410450605082569
5.808750000000001,0.999498338072174,0.031671314954735845,0.0,1.814936183482159,0.998191716132913,0.06011071321843839,-2.892982399659862e-15,3.4461676379064103
5.8100000000000005,0.9994968316490059,0.031718819706895704,-9.643274665532871e-16,1.8176593734590936,0.9981528363483034,0.060752903550667384,-9.643274665532871e-16,3.483029806178834
5.81125,0.9994953124430587,0.031766655542432465,-3.857309866213149e-15,1.8204015468021115,0.9981122557134502,0.061415999500204814,3.857309866213148e-15,3.521093486272703
5.8125,0.9994937802845656,0.031814826299517214,0.0,1.8231629236264393,0.9980698673489475,0.06210104580484838,7.714619732426294e-15,3.560418816394428
5.813750000000001,0.9994922350007829,0.031863335875874574,-4.821637332766436e-15,1.8259437274634314,0.9980255556227068,0.06280915796272427,-3.857309866213149e-15,3.6010700156300346
5.815,0.9994906764159318,0.031912188229942254,0.0,1.8287441853270905,0.997979195263273,0.06354152832338276,5.785964799319721e-15,3.643115736016711
5.81625,0.9994891043511246,0.031961387382057525,-3.857309866213149e-15,1.8315645277821575,0.9979306503656364,0.06429943281879481,3.857309866213148e-15,3.6866294516978177
5.817500000000001,0.9994875186243046,0.03201093741567208,-9.643274665532871e-16,1.834404989013803,0.997879773274348,0.06508423841403377,-4.821637332766436e-15,3.7316898897987287
5.8187500000000005,0.9994859190501694,0.03206084247859532,-3.857309866213149e-15,1.8372658068989767,0.997826403326182,0.06589741136900329,0.0,3.77838150833634
5.82,0.9994843054401057,0.03211110678426733,3.857309866213148e-15,1.8401472230794371,0.9977703654316998,0.06674052641604726,-4.821637332766436e-15,3.8267950272612765
5.82125,0.9994826776021083,0.032161734613061745,3.857309866213148e-15,1.8430494830365234,0.9977114684715815,0.06761527697406323,-4.821637332766436e-15,3.8770280196534923
5.822500000000001,0.9994810353407128,0.03221273031362061,5.785964799319721e-15,1.8459728361677321,0.9976495034793754,0.06852348653823802,1.928654933106574e-15,3.9291855711728627
5.82375,0.9994793784569117,0.032264098304220445,-4.821637332766436e-15,1.8489175358651124,0.9975842415773873,0.06946712140623772,0.0,3.983381017135622
5.825,0.9994777067480823,0.03231584307417167,0.0,1.8518838395955532,0.9975154316264303,0.07044830492734717,0.0,4.0397367680888925
5.82625,0.9994760200078957,0.03236796918525203,3.857309866213148e-15,1.8548720089830497,0.9974427975429456,0.07146933349137637,-3.857309866213149e-15,4.098385236530837
5.827500000000001,0.9994743180262387,0.032420481273174435,-3.857309866213149e-15,1.8578823098929182,0.9973660352283427,0.07253269451010474,-9.643274665532871e-16,4.159469879530296
5.82875,0.9994726005891309,0.032473384049091274,0.0,1.8609150125181106,0.9972848090448243,0.07364108668690618,0.0,4.2231463745137
5.83,0.9994708674786285,0.032526682301134584,3.857309866213148e-15,1.863970391467605,0.9971987477591562,0.07479744292134438,3.857309866213148e-15,4.289583948488491
5.831250000000001,0.999469118472738,0.032580380895995444,0.0,1.8670487258570256,0.9971074398601115,0.07600495625690606,0.0,4.358966884577592
5.8325000000000005,0.9994673533453249,0.03263448478054133,-9.643274665532871e-16,1.8701502994014474,0.9970104281360879,0.07726710935382328,3.857309866213148e-15,4.431496234077412
5.83375,0.9994655718660135,0.03268899898347384,-4.821637332766436e-15,1.8732754005105297,0.9969072033756035,0.07858770805815618,3.857309866213148e-15,4.507391767502911
5.835,0.9994637738000927,0.03274392861702821,-9.643274665532871e-16,1.8764243223860286,0.9967971970240006,0.07997091974647222,3.857309866213148e-15,4.586894204455883
5.836250000000001,0.9994619589084096,0.032799278878714734,-3.857309866213149e-15,1.8795973631217393,0.9966797725930369,0.08142131725717333,3.857309866213148e-15,4.670267769922096
5.8375,0.9994601269472722,0.032855055053104244,-9.643274665532871e-16,1.8827948258059406,0.9965542155742872,0.08294392938073537,-2.892982399659862e-15,4.757803134123786
5.83875,0.9994582776683361,0.03291126251365862,-9.643274665532871e-16,1.8860170186264469,0.9964197215497119,0.08454429907920809,0.0,4.849820804767977
5.840000000000001,0.9994564108184996,0.032967906724607685,-9.643274665532871e-16,1.8892642549783076,0.9962753821199845,0.08622855084992449,-3.857309866213149e-15,4.946675055016575
5.8412500000000005,0.9994545261397875,0.03302499324287363,-4.821637332766436e-15,1.8925368535742448,0.996120168178726,0.0880034689520042,-1.9286549331065743e-15,5.048758488512763
5.8425,0.9994526233692385,0.03308252772004501,1.928654933106574e-15,1.895835138557927,0.995952909942468,0.08987658859307403,-6.7502922658730125e-15,5.156507365304431
5.84375,0.9994507022387793,0.033140515904401015,-4.821637332766436e-15,1.899159439620145,0.9957722729940183,0.09185630264890005,0.0,5.2704078407899475
5.845000000000001,0.9994487624751118,0.03319896364298825,3.857309866213148e-15,1.9025100921179738,0.9955767293996616,0.0939519870884751,0.0,5.391003305578851
5.84625,0.9994468037995744,0.03325787688375074,-9.643274665532871e-16,1.9058874371970298,0.9953645227034567,0.0961741490387096,0.0,5.518903059665781
5.8475,0.9994448259280242,0.03331726167771606,0.0,1.9092918219169053,0.9951336252637742,0.09853460239621016,3.857309866213148e-15,5.654792612604181
5.848750000000001,0.9994428285706938,0.033377124181238,-4.821637332766436e-15,1.9127235993798861,0.994881685949523,0.10104667714594014,5.785964799319721e-15,5.799445976544073
5.8500000000000005,0.9994408114320611,0.033437470658297976,5.785964799319721e-15,1.9161831288630156,0.9946059656155771,0.10372547016960869,3.857309866213148e-15,5.9537404166928845
5.85125,0.9994387742106978,0.03349830748286728,-4.821637332766436e-15,1.9196707759536769,0.9943032569714368,0.10658814744610039,-4.821637332766436e-15,6.118674251706868
5.8525,0.9994367165991372,0.03355964114133227,-3.857309866213149e-15,1.923186912688751,0.99396978436201,0.10965431033633927,-4.821637332766436e-15,6.295388465495073
5.853750000000001,0.9994346382837123,0.03362147823498271,0.0,1.9267319176974418,0.9936010774755495,0.11294644234958442,3.857309866213148e-15,6.4851931170738695
5.855,0.9994325389444053,0.033683825482567854,1.928654933106574e-15,1.9303061763479652,0.9931918109070076,0.11649045775195446,3.857309866213148e-15,6.689599837979723
5.85625,0.99943041825469,0.033746689722920456,-9.643274665532871e-16,1.9339100808981402,0.992735598576603,0.12031638009329769,3.857309866213148e-15,6.910362118274247
5.8575,0.9994282758813674,0.03381007791765139,1.928654933106574e-15,1.9375440306500387,0.992224727844027,0.12445918790851228,0.0,7.149525647473374
5.858750000000001,0.9994261114843945,0.03387399715391712,3.857309866213148e-15,1.9412084321088194,0.9916498121744346,0.12895987753719612,0.0,7.409491762292205
5.86,0.9994239247167117,0.033938454647262875,-9.643274665532871e-16,1.9449036991459046,0.9909993324818265,0.1338668107507384,-9.643274665532871e-16,7.693098158523376
5.86125,0.9994217152240666,0.034003457744542755,1.928654933106574e-15,1.9486302531665667,0.9902590243462468,0.1392374400110081,-9.643274665532871e-16,8.003722601007038
5.862500000000001,0.9994194826448233,0.03406901392692023,-4.821637332766436e-15,1.9523885232821503,0.9894110488406825,0.1451405402772831,5.785964799319721e-15,8.345417647521503
5.8637500000000005,0.9994172266097792,0.03413513081295143,0.0,1.9561789464870203,0.9884328548918714,0.15165912887229982,0.0,8.723087757751049
5.865,0.9994149467419615,0.0342018161617535,0.0,1.9600019678404261,0.9872955945450926,0.15889433278708195,0.0,9.14272517833396
5.86625,0.999412642656431,0.03426907787626104,1.928654933106574e-15,1.9638580406533899,0.9859618782605375,0.16697058009408158,3.857309866213148e-15,9.611728648560693
5.867500000000001,0.9994103139600701,0.03433692400657371,-3.857309866213149e-15,1.9677476266808582,0.9843825362068148,0.1760426721310466,1.928654933106574e-15,10.139340885432622
5.86875,0.9994079602513715,0.03440536275339771,-9.643274665532871e-16,1.971671196319217,0.9824918486837125,0.1863055749838468,3.857309866213148e-15,10.737259783654732
5.87,0.9994055811202115,0.03447440247158385,1.928654933106574e-15,1.9756292288093815,0.9802003595231028,0.19800822000810922,-9.643274665532871e-16,11.420509271665559
5.871250000000001,0.9994031761476243,0.03454405167376664,-2.892982399659862e-15,1.979622212445663,0.9773837655986122,0.2114733428692065,-9.643274665532871e-16,12.208707882175187
5.8725000000000005,0.999400744905569,0.03461431903410645,3.857309866213148e-15,1.983650644790557,0.9738652328012329,0.22712663503209043,0.0,13.127963536813342
5.87375,0.9993982869566772,0.03468521339213837,-3.857309866213149e-15,1.987715032895681,0.9693862992435197,0.24554063378380425,-3.857309866213149e-15,14.213785746151128
5.875,0.9993958018540147,0.034756743756732426,0.0,1.9918158935290633,0.9635571361261845,0.26750260824953775,0.0,15.515711379852057
5.876250000000001,0.9993932891408095,0.0348289193101675,-9.643274665532871e-16,1.9959537534090124,0.9557676628215829,0.2941227204834204,-3.857309866213149e-15,17.104939314972576
5.8775,0.9993907483501927,0.03490174941232392,-4.821637332766436e-15,2.0001291494447564,0.9450202060063606,0.3270119420444712,3.857309866213148e-15,19.08751253345275
5.87875,0.99938817900492,0.03497524360499754,-3.857309866213149e-15,2.0043426289840807,0.9295943113525247,0.3685843408244919,-9.643274665532871e-16,21.628336380654833
5.880000000000001,0.999385580617085,0.03504941161634118,0.0,2.0085947500682813,0.9063234054179174,0.42258476639802023,0.0,24.997882479594708
5.8812500000000005,0.9993829526878251,0.035124263365436004,0.0,2.012886081694569,0.8688860642934941,0.4950121284136002,1.928654933106574e-15,29.67055010181047
5.8825,0.999380294707018,0.035199808966998335,-3.857309866213149e-15,2.017217204086258,0.8033027178901819,0.595570939041057,-1.9286549331065743e-15,36.55334375765871
5.88375,0.9993776061529687,0.03527605873622667,-9.643274665532871e-16,2.0215887089709974,0.6744853877320263,0.7382881969366558,0.0,47.585799651967115
5.885000000000001,0.9993748864920801,0.03535302319379324,-4.821637332766436e-15,2.0260011998673204,0.38219651816501127,0.924081068685287,0.0,67.53019342293965
5.88625,0.9993721351785231,0.03543071307098563,-5.785964799319725e-15,2.03045529237979,-0.32894821850040856,0.9443479599943062,1.928654933106574e-15,109.20494907340614
5.8875,0.9993693516538855,0.03550913931500292,-9.643274665532871e-16,2.0349516145030355,-0.9847243309575854,-0.17412062491312166,0.0,-169.97251201648305
5.88875,0.9993665353468136,0.03558831309441359,0.0,2.0394908069350737,-0.1054383636040917,-0.9944258401110118,0.0,-96.05242314263823
5.890000000000001,0.9993636856726434,0.03566824580477903,0.0,2.044073523400134,0.4970628564584863,-0.8677145364285016,-3.857309866213149e-15,-60.19413034660631
5.89125,0.9993608020330157,0.03574894907444913,0.0,2.048700430981376,0.7361659222646109,-0.6768011043846597,0.0,-42.594172962879036
5.8925,0.9993578838154803,0.0358304347705371,3.857309866213148e-15,2.053372210463897,0.8424608393725791,-0.5387575838200799,3.857309866213148e-15,-32.59910218250898
5.893750000000001,0.9993549303930831,0.03591271500507879,0.0,2.058089556688337,0.8969029624763031,-0.44222740292889057,0.0,-26.24608479136837
5.8950000000000005,0.9993519411239453,0.035995802141383475,-3.857309866213149e-15,2.062853178915474,0.9279926229053932,-0.3725985666010642,-4.821637332766436e-15,-21.875967145868135
5.89625,0.9993489153508224,0.036079708800583844,0.0,2.067663801202271,0.9472427952119887,-0.32051690582398046,0.0,-18.694188030947238
5.8975,0.9993458524006463,0.03616444786839139,0.0,2.072522162789716,0.9599156320648863,-0.28028909953380066,-4.821637332766436e-15,-16.277459823843238
5.898750000000001,0.9993427515840595,0.0362500325020657,0.0,2.0774290185029454,0.96866556419921,-0.24836872736845467,-1.9286549331065743e-15,-14.381002851648475
5.9,0.9993396121949237,0.036336476137604615,-2.892982399659862e-15,2.0823851391640544,0.9749405095778634,-0.22246573395481645,-3.857309866213149e-15,-12.853898815566716
5.90125,0.9993364335098177,0.03642379249716511,-4.821637332766436e-15,2.0873913120181617,0.9795814852781944,-0.20104754089559868,3.857309866213148e-15,-11.598223051688107
5.902500000000001,0.9993332147875122,0.03651199559672136,-3.857309866213149e-15,2.0924483411730996,0.9831027194818984,-0.18305475395983328,-2.892982399659862e-15,-10.547741397896301
5.9037500000000005,0.9993299552684289,0.03660109975397057,1.928654933106574e-15,2.097557048053332,0.9858323128185114,-0.1677338695758965,-3.857309866213149e-15,-9.656087500887292
5.905,0.9993266541740767,0.03669111959649557,-3.857309866213149e-15,2.1027182718686297,0.9879872528294708,-0.15453539480156445,0.0,-8.889851677547476
5.90625,0.9993233107064762,0.036782070070193906,3.857309866213148e-15,2.1079328700980327,0.9897154996587035,-0.14304974566674938,-4.821637332766436e-15,-8.224360545297595
5.907500000000001,0.9993199240475464,0.03687396644798246,3.857309866213148e-15,2.1132017189896772,0.9911206407849967,-0.1329656926050316,-7.7146197324263e-15,-7.6410021565346256
5.90875,0.999316493358488,0.03696682433879111,0.0,2.1185257140771885,0.9922768826992053,-0.12404268644602423,-3.857309866213149e-15,-7.125475502606351
5.91,0.9993130177791307,0.037060659696853314,-3.857309866213149e-15,2.1239057707131512,0.9932384673080832,-0.11609197672315655,0.0,-6.666612591852552
5.911250000000001,0.9993094964272621,0.03715548883130708,5.785964799319721e-15,2.129342824620409,0.9940457572627186,-0.10896344555853321,-3.857309866213149e-15,-6.255566207006367
5.9125000000000005,0.9993059283979223,0.037251328416118216,-4.821637332766436e-15,2.134837832461889,0.9947292688850956,-0.1025362454126487,-9.643274665532871e-16,-5.885237582009296
5.91375,0.9993023127626931,0.037348195500338625,-4.821637332766436e-15,2.1403917724296324,0.9953124055399073,-0.09671202292561304,5.785964799319721e-15,-5.549865294112421
5.915,0.9992986485689335,0.03744610751871196,-9.643274665532871e-16,2.1460056448538434,0.9958133478376937,-0.09140993528213064,-4.821637332766436e-15,-5.244724821659353
5.916250000000001,0.9992949348390028,0.03754508230264125,-4.821637332766436e-15,2.1516804728326893,0.9962463846639168,-0.08656293111993293,-3.857309866213149e-15,-4.965905538079252
5.9175,0.9992911705694534,0.03764513809153385,-3.857309866213149e-15,2.1574173028837884,0.9966228659638947,-0.08211493797058272,0.0,-4.710142836646458
5.91875,0.9992873547301837,0.03774629354453693,-6.7502922658730125e-15,2.1632172056181513,0.9969518950343553,-0.07801870921393511,3.857309866213148e-15,-4.474690127289036
5.92,0.9992834862635682,0.03784856775268044,0.0,2.169081276437512,0.9972408384539898,-0.07423415736426539,-3.857309866213149e-15,-4.257220086031808
5.921250000000001,0.9992795640835421,0.03795198025144483,0.0,2.1750106362560926,0.9974957064225689,-0.07072705047249811,-3.857309866213149e-15,-4.055747649318272
5.9225,0.9992755870746637,0.03805655103376945,-1.9286549331065743e-15,2.1810064322476537,0.9977214397313277,-0.0674679827803226,-3.857309866213149e-15,-3.8685693683020976
5.92375,0.9992715540911288,0.038162300563520254,0.0,2.1870698386189686,0.997922128603063,-0.0644315547253906,-3.857309866213149e-15,-3.694215209222495
5.925000000000001,0.9992674639557494,0.038269249789437174,5.785964799319721e-15,2.1932020574108426,0.9981011812309837,-0.06159571434210589,-2.892982399659862e-15,-3.5314099201153066
5.9262500000000005,0.9992633154588909,0.03837742015957914,-9.643274665532871e-16,2.1994043193277366,0.9982614547729703,-0.05894122423698312,5.785964799319721e-15,-3.3790418208457895
5.9275,0.9992591073573722,0.03848683363628889,-9.643274665532871e-16,2.205677884597247,0.9984053580374267,-0.05645122710941461,3.857309866213148e-15,-3.2361374048101794
5.92875,0.9992548383733095,0.03859751271169876,-5.785964799319725e-15,2.2120240438606946,0.9985349326222018,-0.05411088922919072,-4.821637332766436e-15,-3.1018405283263397
5.930000000000001,0.999250507192925,0.03870948042380196,-6.7502922658730125e-15,2.2184441190961897,0.9986519175076265,-0.05190710604858977,-4.821637332766436e-15,-2.975395249603491
5.93125,0.9992461124652985,0.038822760373111324,0.0,2.2249394645754723,0.9987578008384809,-0.04982825768858829,-4.821637332766436e-15,-2.8561315921023227
5.9325,0.9992416528010692,0.038937376739931605,0.0,2.231511467856013,0.9988538617093867,-0.04786400472427595,0.0,-2.743453667169068
5.933750000000001,0.9992371267710894,0.03905335430227378,5.785964799319721e-15,2.238161550809992,0.9989412040926309,-0.04600511673677843,-9.643274665532871e-16,-2.636829712232432
5.9350000000000005,0.9992325329050112,0.039170718454435684,3.857309866213148e-15,2.2448911706916044,0.9990207845471326,-0.044243327664537216,0.0,-2.5357836936969558
5.93625,0.9992278696898242,0.03928949522628077,1.928654933106574e-15,2.2517018212444633,0.9990934349734425,-0.04257121319587544,3.857309866213148e-15,-2.4398881952147926
5.9375,0.9992231355683249,0.039409711303246095,0.0,2.2585950338509293,0.9991598813981196,-0.04098208638535451,5.785964799319721e-15,-2.348758367566305
5.938750000000001,0.9992183289375212,0.03953139404710875,0.0,2.2655723787250355,0.9992207595570938,-0.03946990841317752,0.0,-2.2620467598116383
5.94,0.9992134481469711,0.03965457151754897,0.0,2.2726354661511983,0.9992766278841989,-0.03802921198742207,0.0,-2.179438885540797
5.94125,0.9992084914970468,0.039779272494540906,-4.821637332766436e-15,2.279785947770507,0.9993279783852383,-0.03665503534947214,-6.7502922658730125e-15,-2.1006494051145204
5.942500000000001,0.9992034572371279,0.03990552650161378,-9.643274665532871e-16,2.28702551791704,0.9993752457804489,-0.03534286521021129,-9.643274665532871e-16,-2.025418826334773
5.9437500000000005,0.9991983435637052,0.0400333638300177,-4.821637332766436e-15,2.294355915006201,0.9994188152221443,-0.034088587239216206,0.0,-1.9535106432523457
5.945,0.9991931486184161,0.04016281556383944,-3.857309866213149e-15,2.3017789229776398,0.9994590288347148,-0.03288844296662306,0.0,-1.8847088467163555
5.94625,0.9991878704859778,0.04029391360611035,-9.643274665532871e-16,2.309296372795234,0.9994961912770421,-0.031738992149821905,0.0,-1.8188157515242942
5.947500000000001,0.9991825071920366,0.040426690705952506,-3.857309866213149e-15,2.316910144006743,0.9995305744900848,-0.030637079813846658,-4.821637332766436e-15,-1.7556500941839588
5.94875,0.9991770567009209,0.0405611804868116,-3.857309866213149e-15,2.3246221663659425,0.999562421762618,-0.02957980730244802,-9.643274665532871e-16,-1.6950453627743916
5.95,0.9991715169132867,0.04069741747582854,0.0,2.332434421520236,0.9995919512242447,-0.028564506782146594,0.0,-1.6368483265321276
5.95125,0.9991658856636582,0.04083543713440233,0.0,2.340348944766754,0.9996193588556217,-0.027588718728417196,0.0,-1.5809177378480543
5.952500000000001,0.9991601607178593,0.04097527589000126,0.0,2.3483678268802204,0.9996448210902871,-0.026650171995074426,-3.857309866213149e-15,-1.5271231835460828
5.95375,0.9991543397703202,0.04111697116928402,0.0,2.3564932160161547,0.9996684970698855,-0.025746766127739084,0.0,-1.4753440657932928
5.955,0.9991484204412613,0.041260561432591596,0.0,2.3647273196928826,0.9996905306042861,-0.024876555632207944,5.785964799319721e-15,-1.4254686958938667
5.956250000000001,0.9991424002737448,0.04140608620987816,0.0,2.3730724068563,0.9997110518796831,-0.024037735950308163,-3.857309866213149e-15,-1.3773934866445812
5.9575000000000005,0.9991362767305866,0.04155358613815013,0.0,2.3815308100313635,0.9997301789508366,-0.023228630930983454,-1.9286549331065743e-15,-1.3310222309708695
5.95875,0.9991300471911198,0.04170310300049076,-5.785964799319725e-15,2.3901049275647646,0.999748019047879,-0.022447681613944108,-2.892982399659862e-15,-1.2862654562788773
5.96,0.9991237089478081,0.041854679766745465,5.785964799319721e-15,2.3987972259630985,0.9997646697234369,-0.021693436168294618,3.857309866213148e-15,-1.2430398454131295
5.961250000000001,0.9991172592026822,0.04200836063595158,0.0,2.4076102423313928,0.9997802198618239,-0.020964540849789274,-2.892982399659862e-15,-1.2012677163402785
5.9625,0.9991106950636236,0.042164191080604554,-4.821637332766436e-15,2.4165465869172063,0.9997947505688475,-0.02025973185842988,-2.892982399659862e-15,-1.1608765537256875
5.96375,0.9991040135404472,0.04232221789284803,-9.643274665532871e-16,2.4256089457654255,0.9998083359579736,-0.019577827993598126,-3.857309866213149e-15,-1.1217985864658626
5.965000000000001,0.9990972115407961,0.04248248923268871,-9.643274665532871e-16,2.434800083489518,0.9998210438463545,-0.018917724017073218,0.0,-1.0839704060012094
5.9662500000000005,0.9990902858658377,0.042645054678343265,0.0,2.4441228461654005,0.999832936372245,-0.01827838464562112,-3.857309866213149e-15,-1.0473326208894655
5.9675,0.9990832332057353,0.04280996527882194,-9.643274665532871e-16,2.4535801643539976,0.9998440705437409,-0.017658839104613362,-9.643274665532871e-16,-1.011829543685171
5.96875,0.9990760501348972,0.0429772736088711,-2.892982399659862e-15,2.463175056259482,0.999854498727353,-0.017058176182486763,-3.857309866213149e-15,-0.9774089066535252
5.970000000000001,0.9990687331069791,0.04314703382639524,1.928654933106574e-15,2.4729106310301665,0.9998642690838098,-0.016475539733159066,0.0,-0.9440216032689731
5.97125,0.99906127844963,0.04331930173249386,0.0,2.482790092209836,0.9998734259574342,-0.01591012457976588,1.928654933106574e-15,-0.9116214528100282
5.9725,0.9990536823589713,0.04349413483424884,0.0,2.4928167413473044,0.9998820102246399,-0.01536117277858367,1.928654933106574e-15,-0.8801649856793752
5.973750000000001,0.9990459408937798,0.043671592410413206,-3.857309866213149e-15,2.50299398177294,0.9998900596063292,-0.014827970206725336,0.0,-0.849611247350965
5.9750000000000005,0.9990380499693737,0.04385173558015936,3.857309866213148e-15,2.5133253225511982,0.9998976089483784,-0.014309843441346604,0.0,-0.8199216190854242
5.97625,0.9990300053511603,0.04403462737505173,-4.821637332766436e-15,2.5238143826187356,0.9999046904738494,-0.013806156901736779,0.0,-0.7910596537648732
5.9775,0.9990218026478604,0.04422033281442331,-4.821637332766436e-15,2.53446489511834,0.9999113340101156,-0.013316310228815593,-4.821637332766436e-15,-0.7629909253798784
5.978750000000001,0.9990134373043452,0.04440891898434667,5.785964799319721e-15,2.545280711939784,0.9999175671936911,-0.012839735879348701,5.785964799319721e-15,-0.7356828908622172
5.98,0.9990049045940933,0.044600455120397425,0.0,2.556265808478897,0.9999234156551986,-0.01237589691464417,3.857309866213148e-15,-0.7091047630984046
5.98125,0.9989961996112429,0.044795012694427074,0.0,2.567424288627388,0.9999289031866507,-0.011924284965633284,0.0,-0.6832273940823379
5.9825,0.9989873172621879,0.04499266550557419,-9.643274665532871e-16,2.5787603900066483,0.9999340518929111,-0.011484418358137299,-9.643274665532871e-16,-0.6580231672748613
5.983750000000001,0.9989782522567193,0.04519348977575467,3.857309866213148e-15,2.590278489459339,0.999938882329019,-0.01105584038381169,0.0,-0.6334658983354071
5.985,0.9989689990986592,0.04539756424989215,0.0,2.601983108813864,0.9999434136248524,-0.010638117703727816,3.857309866213148e-15,-0.6095307434754834
5.98625,0.9989595520759736,0.04560497030116495,0.0,2.6138789209376063,0.9999476635984288,-0.010230838872875535,-2.892982399659862e-15,-0.5861941147600261
5.987500000000001,0.9989499052503109,0.04581579204156595,5.785964799319721e-15,2.625970756096054,0.9999516488590119,-0.009833612975035287,-2.892982399659862e-15,-0.5634336017497177
5.9887500000000005,0.9989400524459393,0.046030116438088985,0.0,2.6382636086358535,0.9999553849010291,-0.009446068358511438,-4.821637332766436e-15,-0.5412278989374747
5.99,0.9989299872380479,0.046248033434878384,1.928654933106574e-15,2.650762644011206,0.99995888618974,-0.009067851464142603,5.785964799319721e-15,-0.5195567384854667
5.99125,0.998919702940348,0.046469636081706144,-2.892982399659862e-15,2.663473206174623,0.9999621662394395,-0.008698625737817075,-4.821637332766436e-15,-0.49840082781583817
5.992500000000001,0.9989091925919529,0.046695020669156435,0.0,2.6764008253539147,0.9999652376849552,-0.008338070620484337,3.857309866213148e-15,-0.47774179165216635
5.99375,0.9988984489434624,0.046924286870932,1.928654933106574e-15,2.689551226239331,0.9999681123470359,-0.007985880609288485,0.0,-0.45756211814527603
5.995,0.9988874644422171,0.04715753789372702,-9.643274665532871e-16,2.702930336606458,0.9999708012922672,-0.007641764384048709,1.928654933106574e-15,-0.4378451087514631
5.996250000000001,0.9988762312166515,0.04739488063513434,0.0,2.7165442964018776,0.9999733148879788,-0.007305443993848667,0.0,-0.41857483156210495
5.9975000000000005,0.9988647410596831,0.04763642585009805,-9.643274665532871e-16,2.7303994673210497,0.9999756628526439,-0.006976654098958085,5.785964799319721e-15,-0.3997360778101488
5.99875,0.998852985411078,0.04788228832645347,3.857309866213148e-15,2.7445024429096607,0.9999778543021633,-0.006655141263751707,-3.857309866213149e-15,-0.3813143213044032
6.0,0.9988409553387041,0.04813258707014142,-9.643274665532871e-16,2.758860059222318,0.9999798977924294,-0.006340663296661028,-3.857309866213149e-15,-0.3632956805638399
6.001250000000001,0.998828641518611,0.04838744550072058,-3.857309866213149e-15,2.7734794060745345,0.999981801358479,-0.006032988633556859,5.785964799319721e-15,-0.34566688344498203
6.0025,0.9988160342138285,0.04864699165785472,-3.857309866213149e-15,2.788367838927084,0.9999835725505609,-0.005731895761261268,3.857309866213148e-15,-0.32841523407271705
6.00375,0.9988031232518049,0.04891135841950028,3.857309866213148e-15,2.8035329914445604,0.9999852184673874,-0.005437172678175128,3.857309866213148e-15,-0.31152858190142096
6.005000000000001,0.998789898000374,0.04918068373257365,3.857309866213148e-15,2.8189827887731167,0.9999867457868006,-0.0051486163892652615,-3.857309866213149e-15,-0.2949952927481038
6.0062500000000005,0.9987763473421502,0.049455110856938184,-2.892982399659862e-15,2.8347254615858386,0.999988160794097,-0.004866032432885548,-5.785964799319725e-15,-0.27880422165251534
6.0075,0.998762459647219,0.04973478862362055,-4.821637332766436e-15,2.850769560948281,0.999989469408194,-0.004589234437111564,0.0,-0.2629446874309602
6.00875,0.9987482227439963,0.05001987170822944,-3.857309866213149e-15,2.86712397406031,0.9999906772058307,-0.00431804370346805,3.857309866213148e-15,-0.24740644880203605
6.010000000000001,0.9987336238881184,0.05031052092063347,-4.821637332766436e-15,2.883797940935255,0.9999917894439689,-0.004052288816093765,0.0,-0.2321796819720149
6.01125,0.9987186497292035,0.050606903512035534,0.0,2.900801072082022,0.9999928110805397,-0.0037918052745505157,0.0,-0.21725495957690735
6.0125,0.9987032862753132,0.050909193500678476,-9.643274665532871e-16,2.9181433672614903,0.9999937467936684,-0.003536435148622116,-9.643274665532871e-16,-0.20262323088623346
6.013750000000001,0.9986875188549372,0.051217572017508504,-2.892982399659862e-15,2.9358352353937516,0.9999946009995132,-0.0032860267535847467,3.857309866213148e-15,-0.18827580318132092
6.015000000000001,0.9986713320762906,0.051532227673240394,-2.892982399659862e-15,2.9538875156996296,0.9999953778688163,-0.0030404343445461965,1.928654933106574e-15,-0.17420432422761764
6.01625,0.9986547097837084,0.051853356948389204,0.0,2.972311500166828,0.9999960813422857,-0.002799517828557509,-1.9286549331065743e-15,-0.16040076576659484
6.0175,0.9986376350108964,0.05218116460795481,-4.821637332766436e-15,2.9911189574381445,0.9999967151448845,-0.0025631424933071313,1.928654933106574e-15,-0.14685740795894195
6.018750000000001,0.9986200899307784,0.052515864142602495,1.928654933106574e-15,3.0103221582282167,0.999997282799123,-0.0023311787512926884,-9.643274665532871e-16,-0.13356682471563477
6.0200000000000005,0.9986020558016346,0.05285767823833465,-7.7146197324263e-15,3.0299339023841387,0.9999977876374344,-0.002103501898446998,0.0,-0.12052186985814012
6.02125,0.9985835129092459,0.05320683927681842,-3.857309866213149e-15,3.0499675477149717,0.9999982328136922,-0.0018799918862798836,-9.643274665532871e-16,-0.10771566405389899
6.0225,0.9985644405046549,0.05356358986873306,1.928654933106574e-15,3.070437040726897,0.9999986213139499,-0.0016605331066578016,-4.821637332766436e-15,-0.09514158247670058
6.023750000000001,0.9985448167371992,0.053928183422708914,0.0,3.091356949412583,0.9999989559664517,-0.0014450141884100795,-7.7146197324263e-15,-0.08279324314539604
6.025,0.998524618582375,0.054300884752651386,-7.7146197324263e-15,3.1127424982563467,0.9999992394509741,-0.0012333278050144288,5.785964799319721e-15,-0.07066449589806588
6.02625,0.9985038217640759,0.05468197072651366,3.857309866213148e-15,3.1346096056322588,0.9999994743075377,-0.0010253704926599402,-4.821637332766436e-15,-0.058749411961372594
6.027500000000001,0.9984824006706803,0.05507173095984774,-5.785964799319725e-15,3.156974923787828,0.9999996629445679,-0.0008210424780440544,0.0,-0.047042274078171666
6.0287500000000005,0.9984603282644631,0.05547046855778937,0.0,3.17985588162461,0.9999998076464904,-0.0006202475152968575,-8.678947198979587e-15,-0.03553756715857788
6.03,0.9984375759836526,0.055878500909457327,0.0,3.203270730506238,0.9999999105808643,-0.000422892731477879,-3.857309866213149e-15,-0.024229969422649336
6.03125,0.998414113636496,0.056296160539145455,-3.857309866213149e-15,3.2272385933470873,0.9999999738050311,-0.00022888848012156976,-2.892982399659862e-15,-0.013114344004639936
6.032500000000001,0.9983899092865393,0.05672379601909699,0.0,3.2517795172589086,0.9999999992723565,-3.8148202346469666e-05,-6.7502922658730125e-15,-0.0021857309909939214
6.03375,0.9983649291282782,0.057161772949120546,-4.821637332766436e-15,3.2769145300599054,0.9999999888380716,0.00014941170492250303,3.857309866213148e-15,0.008560660133764606
6.035,0.998339137352261,0.05761047500882444,-3.857309866213149e-15,3.302665700980706,0.9999999442647376,0.0003338720140396503,0.0,0.019129457657399644
6.036250000000001,0.9983124959985676,0.05807030508883309,1.928654933106574e-15,3.3290562059358972,0.9999998672273884,0.00051531078542766,0.0,0.029525134449286228
6.0375000000000005,0.9982849647975284,0.05854168650798097,5.785964799319721e-15,3.356110397766315,0.9999997593183362,0.0006938034804343592,-9.643274665532871e-16,0.03975201442956988
6.03875,0.9982565009963735,0.059025064324203576,-3.857309866213149e-15,3.3838538818994253,0.9999996220516926,0.0008694230686003732,0.0,0.04981427871785536
6.04,0.9982270591703758,0.059520906747647144,-3.857309866213149e-15,3.412313597921694,0.999999456867608,0.0010422401296589399,-4.821637332766436e-15,0.059715971479851505
6.041250000000001,0.9981965910168515,0.06002970666542049,0.0,3.4415179076092937,0.9999992651362617,0.001212322950567028,-9.643274665532871e-16,0.06946100548913005
6.0425,0.9981650451302336,0.060551983288400835,0.0,3.471496690020861,0.9999990481615999,0.0013797376178460617,0.0,0.07905316741996178
6.04375,0.9981323667561764,0.061088283931650396,1.928654933106574e-15,3.5022814443226666,0.999998807184864,0.0015445481054967454,3.857309866213148e-15,0.08849612288639827
6.045000000000001,0.9980984975224129,0.06163918594125958,-3.857309866213149e-15,3.533905401089788,0.999998543387898,0.0017068163587334974,0.0,0.0977934212416814
6.046250000000001,0.9980633751438136,0.06220529878184948,0.0,3.5664036429092647,0.9999982578962716,0.0018666023737663286,0.0,0.10694850015104582
6.0475,0.998026933098752,0.0627872663005757,1.928654933106574e-15,3.599813235204992,0.9999979517822115,0.0020239642738479223,0.0,0.11596468995040406
6.04875,0.9979891002735394,0.06338576918529408,0.0,3.6341733683098543,0.9999976260673673,0.002178958381789026,-9.643274665532871e-16,0.12484521780256119
6.050000000000001,0.9979498005712433,0.06400152763657647,-9.643274665532871e-16,3.669525511928863,0.9999972817254188,0.0023316392891296125,5.785964799319721e-15,0.13359321166170934
6.0512500000000005,0.9979089524807363,0.0646353042755956,-2.892982399659862e-15,3.7059135832728094,0.9999969196845268,0.0024820599221465228,-4.821637332766436e-15,0.1422117040565663
6.0525,0.9978664686012609,0.06528790731251614,-4.821637332766436e-15,3.743384130294596,0.9999965408296594,0.00263027160486299,0.0,0.15070363570164008
6.05375,0.9978222551171543,0.06596019400303026,3.857309866213148e-15,3.781986531635459,0.9999961460047667,0.002776324119221232,7.714619732426294e-15,0.15907185894586665
6.055000000000001,0.9977762112166348,0.06665307442404486,0.0,3.8217732150849257,0.9999957360148476,0.002920265762561581,3.857309866213148e-15,0.16731914106684354
6.05625,0.9977282284477178,0.06736751560343261,0.0,3.8627998965862003,0.9999953116279008,0.003062143402550256,0.0,0.17544816741880917
6.0575,0.9976781900032956,0.06810454604317547,-3.857309866213149e-15,3.9051258420768495,0.9999948735767599,0.003202002529688101,0.0,0.18346154444195675
6.058750000000001,0.9976259699263227,0.06886526068028814,0.0,3.94881415475008,0.9999944225608327,0.0033398873075203128,0.0,0.19136180253996252
6.0600000000000005,0.9975714322246546,0.06965082633574583,3.857309866213148e-15,3.993932090663392,0.9999939592477446,0.0034758406206664297,0.0,0.1991513988325677
6.06125,0.9975144298835757,0.07046248770831737,0.0,4.040551406011878,0.9999934842748921,0.00360990412077922,0.0,0.2068327197894438
6.0625,0.9974548037621918,0.07130157397791095,0.0,4.088748739834674,0.9999929982509119,0.0037421182705362913,-3.857309866213149e-15,0.21440808375129292
6.063750000000001,0.9973923813577307,0.07216950609193745,-3.857309866213149e-15,4.138606036444286,0.9999925017570741,0.003872522385760425,0.0,0.22187974334368737
6.065,0.9973269754192968,0.07306780481851487,-2.892982399659862e-15,4.190211012473251,0.9999919953485931,0.004001154675763878,0.0,0.22924988778911087
6.06625,0.9972583823896257,0.07399809966226994,0.0,4.243657674132719,0.9999914795558801,0.004128052282000665,3.857309866213148e-15,0.23652064512201462
6.067500000000001,0.9971863806499082,0.07496213875240804,-4.821637332766436e-15,4.299046891094194,0.9999909548857188,0.004253251315109499,3.857309866213148e-15,0.24369408431163167
6.0687500000000005,0.9971107285385843,0.07596179982894348,-4.821637332766436e-15,4.3564870343586835,0.9999904218223871,0.004376786890426112,-9.643274665532871e-16,0.2507722172970609
6.07,0.9970311621100489,0.07699910247195423,5.785964799319721e-15,4.416094686592938,0.9999898808287181,0.004498693162038172,0.0,0.25775700093881726
6.07125,0.9969473925933412,0.07807622174093282,3.857309866213148e-15,4.4779954347191895,0.9999893323471024,0.004619003355450375,5.785964799319721e-15,0.2646503388907261
6.072500000000001,0.9968591035038256,0.0791955034174807,-3.857309866213149e-15,4.542324756086395,0.9999887768004408,0.004737749798926911,-3.857309866213149e-15,0.27145408339600935
6.07375,0.9967659473523787,0.08035948107544742,0.0,4.609229011369987,0.9999882145930566,0.004854963953573863,-1.9286549331065743e-15,0.278170037011151
6.075,0.9966675418864112,0.08157089523904351,0.0,4.678866559496707,0.9999876461115441,0.00497067644221874,0.0,0.2847999542608257
6.076250000000001,0.9965634657847233,0.08283271493281939,5.785964799319721e-15,4.751409012452546,0.9999870717255896,0.005084917077143014,3.857309866213148e-15,0.29134554322708556
6.077500000000001,0.996453253713172,0.08414816197893372,0.0,4.827042650879527,0.9999864917887423,0.005197714886722507,0.0,0.2978084670759552
6.07875,0.9963363906299301,0.08552073845871658,3.857309866213148e-15,4.905970025013081,0.9999859066391531,0.005309098141022692,0.0,0.30419034552412927
6.08,0.9962123052067419,0.08695425782944306,-9.643274665532871e-16,4.9884117698936015,0.9999853166002689,0.005419094376398433,1.928654933106574e-15,0.31049275624861444
6.081250000000001,0.996080362205213,0.08845288027606904,3.857309866213148e-15,5.074608669059147,0.9999847219814972,0.005527730419141554,-3.857309866213149e-15,0.3167172362418007
6.0825000000000005,0.9959398536132698,0.09002115298516132,-3.857309866213149e-15,5.164824007315968,0.9999841230788414,0.005635032408220959,5.785964799319721e-15,0.3228652831145248
6.08375,0.9957899883050543,0.0916640561584588,5.785964799319721e-15,5.259346260935455,0.9999835201754911,0.005741025817153308,0.0,0.32893835634931007
6.085,0.9956298799352057,0.09338705574226355,3.857309866213148e-15,5.3584921830942704,0.9999829135424044,0.005845735475044215,0.0,0.3349378785060626
6.086250000000001,0.9954585327131871,0.09519616404304249,5.785964799319721e-15,5.462610353974108,0.9999823034388434,0.0059491855868367685,7.714619732426294e-15,0.340865236382346
6.0875,0.9952748246209633,0.09709800963825167,-2.892982399659862e-15,5.572085279220399,0.9999816901128898,0.006051399752800468,-9.643274665532871e-16,0.3467217821301228
6.08875,0.9950774875333414,0.09909991828620257,-3.857309866213149e-15,5.687342138138297,0.9999810738019446,0.006152400987295011,-5.785964799319725e-15,0.35250883433093605
6.090000000000001,0.9948650835677963,0.10121000690466009,-9.643274665532871e-16,5.808852304993395,0.9999804547331895,0.006252211736839604,-4.821637332766436e-15,0.3582276790312972
6.0912500000000005,0.9946359768211508,0.10343729314436724,-5.785964799319725e-15,5.937139794283695,0.9999798331240343,0.00635085389751801,-3.857309866213149e-15,0.36387957074000343
6.0925,0.9943882994320852,0.10579182365648629,-2.892982399659862e-15,6.072788815440729,0.9999792091825431,0.006448348831746295,1.928654933106574e-15,0.3694657333889332
6.09375,0.9941199106252776,0.10828482487583424,0.0,6.216452666191388,0.9999785831078373,0.006544717384433148,0.0,0.3749873612590336
6.095000000000001,0.9938283470232162,0.11092888105945503,3.857309866213148e-15,6.368864249544175,0.9999779550904835,0.006639979898554741,-7.7146197324263e-15,0.38044561987275544
6.09625,0.9935107620251726,0.11373814549288257,-2.892982399659862e-15,6.530848570819691,0.9999773253128627,0.006734156230171678,-3.857309866213149e-15,0.385841646854517
6.0975,0.9931638514077848,0.1167285922850744,-9.643274665532871e-16,6.703337663382882,0.9999766939495148,0.006827265762909343,-3.857309866213149e-15,0.39117655276042046
6.098750000000001,0.992783761439213,0.11991831812783149,0.0,6.887388511711032,0.9999760611674807,0.006919327421925194,3.857309866213148e-15,0.39645142187856236
6.1000000000000005,0.9923659746356898,0.12332790594734674,0.0,7.084204697705227,0.9999754271266141,0.007010359687383061,3.857309866213148e-15,0.40166731300109876
6.10125,0.9919051667057339,0.12698086573365736,-4.821637332766436e-15,7.29516270407777,0.9999747919798925,0.007100380607454786,0.0,0.4068252601692193
6.1025,0.991395026050157,0.130904172290297,-3.857309866213149e-15,7.521844085990158,0.9999741558737051,0.007189407810869674,0.0,0.41192627339221266
6.103750000000001,0.9908280241608711,0.1351289256135201,0.0,7.766075095570518,0.9999735189481289,0.007277458519027896,0.0,0.41697133934154473
6.105,0.9901951210104599,0.1396911676774183,0.0,8.02997585199973,0.9999728813371951,0.007364549557697047,-9.643274665532871e-16,0.42196142202104747
6.10625,0.9894853834781574,0.14463290041716925,-3.857309866213149e-15,8.316021848545766,0.9999722431691415,0.007450697368308036,-5.785964799319725e-15,0.4268974634141511
6.107500000000001,0.9886854861460396,0.15000336490949256,3.857309866213148e-15,8.627121560087366,0.999971604566656,0.0075359180188661005,-9.643274665532871e-16,0.4317803841090583
6.108750000000001,0.9877790510705192,0.15586066298532075,-3.857309866213149e-15,8.966715284457344,0.9999709656471029,0.007620227214492308,-9.643274665532871e-16,0.43661108390274955
6.11,0.9867457642550745,0.16227383253213698,-3.857309866213149e-15,9.338902307275053,0.9999703265227472,0.007703640307609423,-5.785964799319725e-15,0.441390442384604
6.11125,0.9855601780891824,0.16932553075310214,1.928654933106574e-15,9.748606315353435,0.9999696873009665,0.007786172307787559,-3.857309866213149e-15,0.4461193195005279
6.112500000000001,0.9841900653492556,0.1771155421408004,7.714619732426294e-15,10.201793159115947,0.9999690480844479,0.007867837891261343,0.0,0.4507985560982616
6.1137500000000005,0.9825941220525672,0.18576542010758024,5.785964799319721e-15,10.705761320610458,0.9999684089713835,0.007948651410131442,-9.643274665532871e-16,0.4554289744545973
6.115,0.9807187073493001,0.19542470942825568,1.928654933106574e-15,11.269534996993357,0.9999677700556555,0.00802862690126396,0.0,0.4600113787852854
6.11625,0.9784931302956833,0.20627940751358076,-4.821637332766436e-15,11.904404604155829,0.9999671314270104,0.008107778094897322,0.0,0.46454655573817977
6.117500000000001,0.9758226943376542,0.21856365026143146,1.928654933106574e-15,12.624683267203537,0.9999664931712287,0.008186118422969015,-9.643274665532871e-16,0.46903527487033025
6.11875,0.972578194704547,0.23257612772003117,0.0,13.448786748311425,0.9999658553702867,0.008263661027172848,5.785964799319721e-15,0.4734782891096333
6.12,0.9685796464853114,0.2487035753952656,-2.892982399659862e-15,14.400809718035525,0.9999652181025069,0.00834041876675577,-3.857309866213149e-15,0.47787633520156186
6.121250000000001,0.9635703307145745,0.2674550761653355,0.0,15.512885009658538,0.9999645814427142,0.008416404226065445,-3.857309866213149e-15,0.4822301341416072
6.1225000000000005,0.9571740059572817,0.28951325068067035,-3.857309866213149e-15,16.828817299701686,0.9999639454623681,0.00849162972185619,-3.857309866213149e-15,0.48654039159388335
6.12375,0.9488216408329944,0.31581243466175374,0.0,18.40986669230079,0.9999633102297046,0.008566107310364194,5.785964799319721e-15,0.4908077982965045
6.125,0.9376203383180197,0.3476608996887658,-9.643274665532871e-16,20.344311862006865,0.99996267580986,0.008639848794158866,3.857309866213148e-15,0.49503303045413966
6.126250000000001,0.9221065593860385,0.386936032358376,-9.643274665532871e-16,22.763984221346952,0.9999620422650007,0.008712865728778699,-4.821637332766436e-15,0.49921675011821576
6.1275,0.8997528295557118,0.4363998690495804,1.928654933106574e-15,25.87440321849798,0.9999614096544431,0.008785169429161112,0.0,0.5033596055553171
6.12875,0.8659095940463081,0.5002005347243816,-2.892982399659862e-15,30.01326815765712,0.999960778034759,0.008856770975871269,-1.9286549331065743e-15,0.5074622316040719
6.130000000000001,0.811340725924864,0.5845735423842876,-9.643274665532871e-16,35.772868448157574,0.9999601474598939,0.008927681221139004,-3.857309866213149e-15,0.5115252500210339
6.1312500000000005,0.7159361102404247,0.6981658012634313,-5.785964799319725e-15,44.28003059274323,0.9999595179812677,0.008997910794710186,-4.821637332766436e-15,0.5155492698159397
6.1325,0.5313923344987119,0.847125838843326,-9.643274665532871e-16,57.90042238598312,0.9999588896478759,0.009067470109518876,0.0,0.5195348875766932
6.13375,0.13739119621473908,0.9905168646735311,-3.857309866213149e-15,82.10308599599907,0.9999582625063842,0.009136369367186557,1.928654933106574e-15,0.5234826877844452
6.135000000000001,-0.6265613146763344,0.7793721312383858,0.0,128.79687577455448,0.9999576366012228,0.00920461856335567,0.0,0.5273932431191746
6.13625,-0.9231870811079874,-0.384350898626911,-9.643274665532871e-16,-157.39655083078847,0.9999570119746743,0.009272227492861534,-6.7502922658730125e-15,0.5312671147560133
6.1375,-0.1171635949548764,-0.9931126280625227,3.857309866213148e-15,-96.72843368291059,0.9999563886669609,0.009339205754749743,-9.643274665532871e-16,0.5351048526527142
6.138750000000001,0.43230659976293095,-0.9017266791003873,-9.643274665532871e-16,-64.38596793732982,0.9999557667163191,0.009405562757143491,1.928654933106574e-15,0.5389069958285252
6.140000000000001,0.6816691582544248,-0.7316605488098321,3.857309866213148e-15,-47.02578494896662,0.9999551461590842,0.009471307721967078,-1.9286549331065743e-15,0.5426740726348164
6.14125,0.8022942463246469,-0.5969287581565885,0.0,-36.65025137252086,0.9999545270297635,0.009536449689529205,-4.821637332766436e-15,0.5464066010176778
6.1425,0.8673000341678794,-0.4977857478196764,-3.857309866213149e-15,-29.85361406124811,0.9999539093611083,0.00960099752297152,-1.9286549331065743e-15,0.550105088772795
6.143750000000001,0.9056624825961939,-0.4239993721902178,0.0,-25.08734335855348,0.9999532931841807,0.009664959912587954,0.0,0.5537700337929232
6.1450000000000005,0.9299625557492837,-0.3676542464112996,0.0,-21.57102113429318,0.9999526785284225,0.00972834538001725,-1.9286549331065743e-15,0.5574019243080923
6.14625,0.9462288394328894,-0.32349804238277424,0.0,-18.874604149903274,0.9999520654217188,0.00979116228231445,0.0,0.5610012391188794
6.1475,0.9576043988694755,-0.28808647185494735,3.857309866213148e-15,-16.743430510633385,0.9999514538904568,0.009853418815905401,0.0,0.5645684478229779
6.148750000000001,0.9658457363157061,-0.25911776018014043,5.785964799319721e-15,-15.017719603517746,0.9999508439595868,0.009915123020427088,0.0,0.5681040110352243
6.15,0.9719921740745702,-0.23501321992132804,0.0,-13.592402044061764,0.9999502356526776,0.009976282782458983,3.857309866213148e-15,0.5716083806013817
6.15125,0.9766885407207355,-0.21466134823204694,0.0,-12.39566011490972,0.9999496289919694,0.010036905839147582,5.785964799319721e-15,0.5750819998058037
6.152500000000001,0.9803511598700585,-0.19726024267812392,5.785964799319721e-15,-11.376791020269005,0.9999490239984277,0.010096999781729302,1.928654933106574e-15,0.5785253035732716
6.1537500000000005,0.9832580718041529,-0.18221845195253844,1.928654933106574e-15,-10.49900510012272,0.999948420691793,0.010156572058953709,-9.643274665532871e-16,0.5819387186651251
6.155,0.9856004368991824,-0.16909103697162572,-4.821637332766436e-15,-9.734974241097168,0.999947819090628,0.01021562998041047,0.0,0.5853226638698744
6.15625,0.9875130349378681,-0.1575373156677513,-9.643274665532871e-16,-9.063982012777615,0.9999472192123624,0.01027418071976447,-5.785964799319725e-15,0.5886775501885516
6.157500000000001,0.9890930103935485,-0.1472922835406767,-2.892982399659862e-15,-8.470042874753956,0.9999466210733414,0.010332231317900252,-2.892982399659862e-15,0.5920037810148647
6.15875,0.9904117546113858,-0.13814686506612134,3.857309866213148e-15,-7.940627475927189,0.9999460246888631,0.010389788685979798,-1.9286549331065743e-15,0.5953017523103904
6.16,0.9915226455168622,-0.1299339964260469,5.785964799319721e-15,-7.46577824042476,0.9999454300732227,0.010446859608416615,1.928654933106574e-15,0.5985718527749673
6.161250000000001,0.9924662124524521,-0.12251863997076068,3.857309866213148e-15,-7.037482841122918,0.9999448372397505,0.010503450745767617,-9.643274665532871e-16,0.6018144640123815
6.1625000000000005,0.9932736580784998,-0.11579050119658499,3.857309866213148e-15,-6.649222035866828,0.999944246200851,0.010559568637547095,-3.857309866213149e-15,0.605029960691588
6.16375,0.993969307082643,-0.10965863658486051,0.0,-6.295637845149062,0.9999436569680391,0.01061521970496323,0.0,0.608218710703493
6.165,0.9945723388792211,-0.10404740619696268,0.0,-5.972286341347163,0.9999430695519722,0.010670410253581852,0.0,0.611381075313571
6.166250000000001,0.9950980333634577,-0.09889339713134976,0.0,-5.675450935190096,0.9999424839624883,0.01072514647591789,3.857309866213148e-15,0.614517409310334
6.1675,0.9955586796813725,-0.09414305768925435,-9.643274665532871e-16,-5.40199958331079,0.9999419002086336,0.01077943445395716,0.0,0.6176280611498147
6.16875,0.9959642480514698,-0.08975085850993275,-1.9286549331065743e-15,-5.149274330453207,0.9999413182986989,0.010833280161611916,-9.643274665532871e-16,0.6207133730962493
6.170000000000001,0.9963228925275591,-0.08567784909483885,0.0,-4.91500496282092,0.9999407382402449,0.010886689467110406,-3.857309866213149e-15,0.6237736813589845
6.171250000000001,0.996641331509152,-0.08189051427159105,3.857309866213148e-15,-4.697240853319906,0.9999401600401342,0.010939668135323447,0.0,0.6268093162257716
6.1725,0.9969251387433586,-0.07835986052524538,3.857309866213148e-15,-4.494296682549524,0.9999395837045549,0.010992221830030182,-3.857309866213149e-15,0.6298206021925808
6.17375,0.9971789680349684,-0.07506068017753913,-2.892982399659862e-15,-4.304708850440152,0.9999390092390537,0.011044356116124211,0.0,0.6328078580899921
6.175000000000001,0.9974067283329221,-0.07197095439284192,0.0,-4.127200201861251,0.9999384366485543,0.011096076461761892,0.0,0.6357713972062813
6.1762500000000005,0.997611721299611,-0.06907136545361335,-2.892982399659862e-15,-3.9606512743664184,0.9999378659373868,0.01114738824045579,-5.785964799319725e-15,0.6387115274073577
6.1775,0.9977967502517472,-0.06634489571211441,-4.821637332766436e-15,-3.8040767041279646,0.9999372971093123,0.011198296733113037,0.0,0.6416285512535451
6.17875,0.9979642070653166,-0.06377649579973811,0.0,-3.656605742436838,0.9999367301675399,0.011248807130021748,0.0,0.6445227661133931
6.180000000000001,0.9981161419805896,-0.06135280855660522,0.0,-3.5174660713189065,0.9999361651147549,0.011298924532786343,0.0,0.6473944642745526
6.18125,0.998254320035818,-0.0590619380805244,5.785964799319721e-15,-3.3859702847653423,0.9999356019531368,0.01134865395621366,0.0,0.6502439330518378
6.1825,0.9983802669697983,-0.05689325553450259,0.0,-3.261504537317018,0.9999350406843811,0.011398000330151094,3.857309866213148e-15,0.6530714548925368
6.183750000000001,0.9984953067738609,-0.05483723507411459,1.928654933106574e-15,-3.143518965362399,0.999934481309716,0.011446968501277818,0.0,0.6558773074790373
6.1850000000000005,0.9986005925798083,-0.05288531458974001,0.0,-3.031519566510758,0.9999339238299271,0.011495563234851649,3.857309866213148e-15,0.6586617638289044
6.18625,0.9986971321974691,-0.05102977699883561,0.0,-2.925061284621512,0.9999333682453682,0.0115437892164114,0.0,0.6614250923924181
6.1875,0.9987858093318543,-0.04926364863986258,-3.857309866213149e-15,-2.8237420967834925,0.9999328145559856,0.011591651053436847,-9.643274665532871e-16,0.6641675571476712
6.188750000000001,0.9988674012926276,-0.047580611964460916,-9.643274665532871e-16,-2.7271979369290564,0.9999322627613307,0.011639153276967773,-9.643274665532871e-16,0.6668894176933317
6.19,0.9989425938409556,-0.04597493023707131,0.0,-2.635098321214447,0.9999317128605771,0.01168630034318233,-5.785964799319725e-15,0.6695909293390704
6.19125,0.9990119936886994,-0.04444138236070806,1.928654933106574e-15,-2.5471425645721246,0.9999311648525384,0.011733096634936963,-3.857309866213149e-15,0.672272343193784
6.192500000000001,0.999076139063219,-0.04297520627677687,0.0,-2.4630564973183833,0.99993061873568,0.011779546463267836,0.0,0.6749339062516191
6.1937500000000005,0.9991355086712144,-0.041572049652533465,-4.821637332766436e-15,-2.382589606394144,0.9999300745081348,0.011825654068856323,0.0,0.6775758614759313
6.195,0.9991905293318857,-0.04022792678557963,-9.643274665532871e-16,-2.305512538543555,0.9999295321677184,0.011871423623458263,-9.643274665532871e-16,0.68019844788117
6.19625,0.9992415824995672,-0.03893918083063353,0.0,-2.2316149130901315,0.999928991711942,0.011916859231298291,-1.9286549331065743e-15,0.6828019006127632
6.197500000000001,0.9992890098559652,-0.03770245059785527,-3.857309866213149e-15,-2.1607034004412404,0.9999284531380248,0.011961964930431177,0.0,0.6853864510251121
6.19875,0.9993331181199876,-0.03651464129060498,-5.785964799319725e-15,-2.0926000294173246,0.9999279164429061,0.012006744694069796,0.0,0.6879523267576729
6.2,0.9993741831972727,-0.03537289864831611,0.0,-2.0271406922401205,0.9999273816232586,0.012051202431881243,0.0,0.690499751809214
6.201250000000001,0.9994124537705605,-0.034274586041366094,-9.643274665532871e-16,-1.9641738207723658,0.9999268486754996,0.012095341991252433,3.857309866213148e-15,0.6930289466103245
6.202500000000001,0.9994481544150036,-0.03321726413242011,-9.643274665532871e-16,-1.9035592115583828,0.9999263175958003,0.012139167158525147,0.0,0.6955401280941748
6.20375,0.9994814883085719,-0.0321986727751463,-4.821637332766436e-15,-1.8451669805147357,0.9999257883801004,0.012182681660201847,-3.857309866213149e-15,0.6980335097655959
6.205,0.9995126395963273,-0.03121671486852161,1.928654933106574e-15,-1.7888766308850794,0.999925261024116,0.012225889164123352,0.0,0.7005093017685545
6.206250000000001,0.999541775457915,-0.030269441924784833,-4.821637332766436e-15,-1.7345762203990294,0.999924735523348,0.012268793280618409,0.0,0.7029677109520144
6.2075000000000005,0.9995690479199093,-0.029355041142668185,7.714619732426294e-15,-1.6821616155333654,0.999924211873095,0.012311397563626576,-9.643274665532871e-16,0.7054089409342663
6.20875,0.9995945954481549,-0.02847182380598284,-2.892982399659862e-15,-1.631535822431969,0.9999236900684617,0.01235370551179476,5.785964799319721e-15,0.7078331921657521
6.21,0.9996185443499939,-0.027618214851787014,0.0,-1.5826083854475776,0.9999231701043645,0.012395720569548414,0.0,0.7102406619904376
6.211250000000001,0.9996410100116906,-0.02679274347293352,-2.892982399659862e-15,-1.5352948454658992,0.999922651975547,0.012437446128137963,5.785964799319721e-15,0.7126315447057595
6.2125,0.9996620979927523,-0.025994034637352493,-4.821637332766436e-15,-1.4895162511938387,0.9999221356765792,0.012478885526660585,-5.785964799319725e-15,0.7150060316211719
6.21375,0.9996819049956135,-0.02522080142145506,-2.892982399659862e-15,-1.445198717467551,0.9999216212018763,0.012520042053059439,-3.857309866213149e-15,0.7173643111153869
6.215000000000001,0.9997005197265703,-0.024471838067976034,0.0,-1.4022730253873346,0.999921108545697,0.012560918945099142,3.857309866213148e-15,0.719706568692267
6.2162500000000005,0.9997180236615978,-0.02374601368966739,3.857309866213148e-15,-1.3606742597306638,0.9999205977021521,0.012601519391319337,-4.821637332766436e-15,0.7220329870354575
6.2175,0.9997344917288014,-0.023042266549844488,-4.821637332766436e-15,-1.320341479651289,0.9999200886652204,0.012641846531966837,0.0,0.7243437460617834
6.21875,0.9997499929176601,-0.022359598859091365,3.857309866213148e-15,-1.2812174191540762,0.9999195814287429,0.012681903459906304,-4.821637332766436e-15,0.7266390229734339
6.220000000000001,0.9997645908238225,-0.021697072034609185,1.928654933106574e-15,-1.2432482142515446,0.9999190759864408,0.01272169322151058,-9.643274665532871e-16,0.7289189923089624
6.22125,0.9997783441371177,-0.021053802374938427,0.0,-1.2063831540700156,0.9999185723319131,0.01276121881753082,0.0,0.7311838259931449
6.2225,0.9997913070793676,-0.020428957108225072,0.0,-1.1705744534885685,0.9999180704586479,0.012800483203947624,0.0,0.7334336933857389
6.223750000000001,0.9998035297977982,-0.019821750776943765,0.0,-1.135777045168582,0.9999175703600272,0.012839489292802621,-9.643274665532871e-16,0.735668761329128
6.2250000000000005,0.9998150587190815,-0.019231441926143213,-4.821637332766436e-15,-1.101948389072074,0.9999170720293321,0.012878239953011832,0.0,0.7378891941949199
6.22625,0.9998259368684188,-0.018657330065897423,-2.892982399659862e-15,-1.0690482977764424,0.999916575459748,0.012916738011161291,-4.821637332766436e-15,0.7400951539295314
6.2275,0.9998362041575212,-0.018098752881857656,-4.821637332766436e-15,-1.037038776078992,0.999916080644372,0.01295498625228461,-3.857309866213149e-15,0.7422868000987333
6.228750000000001,0.9998458976448908,-0.017555083670583317,-5.785964799319725e-15,-1.0058838735455948,0.9999155875762151,0.01299298742062378,0.0,0.7444642899312405
6.23,0.999855051771375,-0.01702572897880659,-4.821637332766436e-15,-0.9755495488010327,0.999915096248208,0.01303074422037333,-9.643274665532871e-16,0.7466277783613469
6.23125,0.9998636985736273,-0.016510126427972355,5.785964799319721e-15,-0.9460035444849393,0.9999146066532079,0.013068259316408207,1.928654933106574e-15,0.7487774180706237
6.232500000000001,0.9998718678777883,-0.016007742707310493,3.857309866213148e-15,-0.9172152719079659,0.9999141187839999,0.013105535334995734,0.0,0.7509133595287127
6.233750000000001,0.9998795874754521,-0.015518071720409173,0.0,-0.8891557045416264,0.999913632633304,0.013142574864492154,-4.821637332766436e-15,0.75303575103323
6.235,0.9998868832837126,-0.01504063287176617,-9.643274665532871e-16,-0.861797279562441,0.9999131481937797,0.013179380456024504,1.928654933106574e-15,0.7551447387488313
6.23625,0.9998937794909128,-0.014574969481145256,-5.785964799319725e-15,-0.8351138067488948,0.999912665458025,0.013215954624157308,0.0,0.7572404667454125
6.237500000000001,0.9999002986895305,-0.014120647314757876,0.0,-0.8090803840986159,0.9999121844185873,0.013252299847545316,0.0,0.7593230770355008
6.2387500000000005,0.9999064619974534,-0.013677253223345062,0.0,-0.7836733195940676,0.9999117050679625,0.013288418569572283,0.0,0.761392709610855
6.24,0.9999122891688039,-0.01324439387820301,-5.785964799319725e-15,-0.7588700586008795,0.9999112273986004,0.013324313198976076,0.0,0.7634495024782776
6.24125,0.999917798695303,-0.012821694597032675,0.0,-0.7346491164312661,0.9999107514029081,0.01335998611046048,0.0,0.765493591694667
6.242500000000001,0.9999230078990756,-0.012408798252249217,-9.643274665532871e-16,-0.7109900156485321,0.9999102770732523,0.013395439645294336,-4.821637332766436e-15,0.7675251114013434
6.24375,0.999927933017726,-0.012005364255083648,-3.857309866213149e-15,-0.6878732277288078,0.9999098044019651,0.013430676111897868,-4.821637332766436e-15,0.7695441938576391
6.245,0.999932589282382,-0.011611067609406472,-3.857309866213149e-15,-0.6652801187306348,0.9999093333813447,0.01346569778641657,0.0,0.771550969473779
6.246250000000001,0.9999369909893701,-0.011225598029750487,3.857309866213148e-15,-0.6431928986545512,0.9999088640036577,0.013500506913283495,3.857309866213148e-15,0.7735455668430964
6.2475000000000005,0.999941151566096,-0.010848659118517855,0.0,-0.6215945742040986,0.9999083962611442,0.013535105705769603,-9.643274665532871e-16,0.7755281127735612
6.24875,0.9999450836316713,-0.010479967597783935,3.857309866213148e-15,-0.6004689046842977,0.9999079301460214,0.013569496346522589,-3.857309866213149e-15,0.7774987323186499
6.25,0.999948799052726,-0.01011925259152169,0.0,-0.5798003607973586,0.9999074656504842,0.01360368098809475,0.0,0.7794575488075899
